sl,text,type,source,category,label
1,"Heart sound signals, or PCG recordings, provide a valuable non-invasive alternative to traditional diagnostic methods like CXR and blood tests for detecting cardiovascular disease. In this study, PCG data are collected, and features such as MFCC and WST are extracted to capture both time and frequency information. These features are used to classify the signals into normal and abnormal categories using DL models, including CNN, Bi-LSTM, and Bi-RNN. The study conducts extensive experiments using individual and combined features, showing that combining features enhances classification accuracy. The proposed CNN model, optimized with the Butterfly Optimization Algorithm, achieves an impressive classification accuracy of 99.07%, outperforming other models. This result highlights the effectiveness of using PCG signals and advanced DL techniques for accurate cardiovascular disease detection, offering a noninvasive and efficient alternative for early diagnosis.",Scientific Abstract,https://ieeexplore.ieee.org/document/10987967,HWT,0
2,"In both rural and urban settings, inadequate distribution systems and water scarcity present major problems. For instance, there exists a significant problem with inconsistency of water arrival time that the residents of a locality are unaware of; this inconsistency is observed due to manual monitoring by water distributors. As there is a manual monitoring system, a leak in the pipe cannot be sensed instantly which allows for a lot of wastage as water continues to flow. In this paper, we propose an Efficient Water Distribution Network (EWDN)which integrates Arduino UNO, water level sensors, relay modules, and Real-Time clocks (RTC) in order to automate the process -divide it, store the water in form of containers, detect leakage in pipelines, and provide water supply at scheduled time intervals. It notifies residents two days ahead about the expected arrival time of water through SMS, and two hours before water supply. It automatically operates the water pump to release water for a set time. In the event a leak is detected, it immediately switches off the pump and sends out an SMS alert to the water distributor and residents, reducing further water wastage. It reduces the manual effort, provides efficient water management by minimizing the wastage of water and ensures optimal delivery of the water. The experimental results show that the proposed system is effective in enhancing water management and safety by minimizing operational inefficiencies and can be used for smart city applications.",Scientific Abstract,https://ieeexplore.ieee.org/document/10987968,HWT,0
3,"Employing SWM in agricultural irrigation enhances efficiency, reduces costs, and boosts crop yield, while simultaneously benefiting the environment. We can now accurately quantify the water requirements of each plant, thanks to technological breakthroughs. The harmonious integration of diverse technologies poses a significant barrier to efficient solid waste management. Agriculture utilises around 70% of global freshwater, making effective water management essential for maintaining a sustainable food and water supply. In their quest for optimal irrigation, they utilised RF, RFE, and SelectKBest for feature selection after processing features with blanks. The ideal irrigation timetable for plants was established using a stacking ensemble technique. The recently constructed EM-MoNet network also facilitated SWM. This model utilised a two-stage transfer learning methodology that included re-training with the target dataset to improve its accuracy. The proposed method shown utility with an accuracy of 98.23% on a local dataset. This study highlights the importance of SWM in precision irrigation, which enhances sustainable agriculture by augmenting crop yields and reducing water consumption.",Scientific Abstract,https://ieeexplore.ieee.org/document/10987969,HWT,0
4,Advanced multi-user authentication systems have become vital because vehicle security incidents have increased. A Multi-Layer Authentication Vehicle Security System is developed through the integration of ESP32 microcontroller with fingerprint biometrics and RFID-based ID using the same platform. The RFID cards relate to specific fingerprints allowing different authorized users to safely access their vehicles through this system. RFID verification on EM18 modules stops unauthorized card entry into the vehicle. RF identification success allows the RS307 sensor to finalize the verification through fingerprint matching procedures. Users get three try attempts for verification following which the GSM (SIM900A) system sends an alert to the registered account holder. Low power usage combined with prompt reaction is enabled by the ESP32. Internal tests demonstrated that the GSM module reacted within three seconds while fingerprint authentication succeeded at 98.67% and RFID authentication presented 99.33% success leading to a total system efficiency rate of 98.66%. The system delivers powerful security along with secure multiple user authentications and affordable solutions to stop unauthorized system entry. Security through multi-layer authentication works by implementing various verification methods. The system will benefit from upcoming technological developments that merge cloud-based monitoring systems with AI authentication methods to enhance security and make the system more adaptable.,Scientific Abstract,https://ieeexplore.ieee.org/document/10987970,HWT,0
5,"Ever since artificial intelligence has gained popularity, it is being used and applied to many day to day lives which was quite unimaginable previously. Currently, AI tools are being used to write many texts and documents. Even for preparing academic as well as business reports such platforms are being utilized. AI being able to produce texts and reports is tremendous but it is also important to be able to identify which text is written by humans and which one has been generated using AI platforms. In this research, we have tried to address this issue for one of the most spoken languages on earth which is Bengali. We have created a dataset for the task with texts from various domains and fifty percent of it is AI generated and the rest are human written. All research materials of this study will be made publicly available so that research community can utilize them.",Scientific Abstract,https://ieeexplore.ieee.org/document/11171930,HWT,0
6,"As the dependency on cyberspace increases, the developing nations find it increasingly difficult to combat cyber threats. This study suggests a holistic approach to face the aforementioned threats for a developing nation integrating both internal and external resources. This is a descriptive study based on online resources and various publications. The developing nations/states remain vulnerable to all forms of cyber threats purported by malicious individuals, organizations, and even by the state actors. In one hand, these smaller nations lack public awareness in using IT resources, on the other hand they cannot afford required advanced skill base, tools and infrastructures. Therefore, they need a holistic approach to thwart cyber threats emanating both from internal and external agents. Domestically, the developing countries can raise public awareness, develop required skill base, infrastructures, and form public-pri-vate partnerships. Internationally, respecting own national interests, the countries can form alliance to share tools and skills. It is expected that such efforts will help the developing countries to secure cyberspace from various forms of threats.",Scientific Abstract,https://ieeexplore.ieee.org/document/9396966,HWT,0
7,"Fruit cultivation is an integral component of agricultural practices in Bangladesh. Farmers still use conventional methods of recommendation. As a consequence, they cannot choose suitable fruit crops based on soil requirements that hinder our economy. We tried to address the problem in this particular paper by proposing a recommendation system to guide farmers in finding the most appropriate crops for a particular soil. Using a mobile application, the proposed system works with the user's soil type and geological information to perform Pearson correlation similarity calculation for determining specific areas. The recommendation will subsequently be produced on the basis of the fruit production rate of the areas selected. The system will therefore decrease the incorrect choice of a fruit crop and thus increase productivity. Applying Precision and Recall method, the developed system is validated according to real data that provides satisfactory accuracy.",Scientific Abstract,https://ieeexplore.ieee.org/document/9396923,HWT,0
8,"Sentiment analysis addresses the issue of interpreting the data presented in several contexts and realms in terms of feelings, interests, and opinions. It can be useful for industries that need an awareness of the views of people on any specific subject or case. Twitter is one of the most widely used micro blog sites where users can express their thoughts, views, and opinions, making it an excellent resource for analyzing sentiment. Several works from different years are studied and briefly described in this review article. The reviewed works are categorized according to their implemented classification algorithms. A contrastive analysis on various strategies and methods of sentiment analysis using Twitter data is carried out in this review paper. Additionally, performance analysis, research gaps, and future scope of Twitter sentiment analysis are addressed.",Scientific Abstract,https://ieeexplore.ieee.org/document/9396915,HWT,0
9,"The airline industry has evolved quite dynamically over the last two decades. Airline firms use traditional customer feedback types that are very routine and time-intensive. Sentiment analysis may be a crucial approach to the analysis of input in order to minimize the problem. Twitter data acts as a valuable method for gathering user tweets and viewpoint analyzes. This paper proposed a novel deep learning model that effectively combines different word embedding with deep learning methods to evaluate a dataset made up of tweets for six major US Airlines and multi-class sentiment analysis. System selections integrate these features with different deep-learning approaches for term embedding and classify sentimental documents. This methodology starts with raw DNN data extraction and tweet-cleaning pre-processing methods for CNN. The test set product is a positive/negative/neutral tweet interpretation with a 3-class data set and data set precision assessment. Finally, we understand the findings obtained from the models presented by various researchers and prove that our model is more reliable than the previous frameworks.",Scientific Abstract,https://ieeexplore.ieee.org/document/9396879,HWT,0
10,"Cybersecurity is the practice of protecting information on the internet and intranet from outside sources. The age-old traditional information security systems have been rendered ineffective owing to fast moving digital transformation. The current perceptions suggest that information insecurity environment in cyberspace across the globe is increasing at unprecedented pace at both global and national context. The Bangladesh situation has been analyzed in this paper through four internationally recognized indices. It indicates the requirement of significant rooms for improvements. Such phenomenon is impacting persons, organizations, and states. The challenges of cybersecurity emanate from lack of legal frameworks or improper legal documents, inefficient technical institutions, lack of organizational ability and capacity building, and finally lack of cooperation mechanisms. The suggested policy options have addressed the ongoing challenges with a view to developing a digitally connected safe, secure, and reliable Bangladesh by 2030.",Scientific Abstract,https://ieeexplore.ieee.org/document/9396958,HWT,0
11,"This paper presents a measurement method being capable of characterizing impact from sintering on reached electrical conductivity of nano silver inks. Therefore, a measurement setup at relatively low frequencies was chosen, so that the electromagnetic (EM) field completely penetrates the conductive region. Thus, the transmission which is highly influenced by the conductivity variations of the material under test can be measured. Even small variations due to different sintering temperatures are measurable in this way. A model describing the transmission of the EM-field through the material sample including a carrier layer of polyimide was set up, which allows for inferring the conductivity of the sample. As samples sputtered copper layers are examined, as well as nano silver inks sintered at different temperatures and with different sintering methods.",Scientific Abstract,https://ieeexplore.ieee.org/document/9924366,HWT,0
12,"No doubt you have heard a lot of noise about an impending quantum revolution. For many, the word “quantum” is implicitly followed by the word “computing”. In fact, though, computing is just one of many applications that will likely be impacted by quantum technology. Timekeeping, for example, gives a glimpse of quantum things to come: clocks utilizing quantum phenomena based on ultracold atoms have demonstrated performance that is more than a factor of 10,000 times higher precision than today’s clocks that maintain the world’s time. One can reasonably expect such incredible performance and capability enhancements to emerge in other applications where quantum knowhow and technology can be used to advantage. This presentation has three objectives. The first is to describe some things that quantum brings to the table from an engineering perspective. What do “quantum superposition” and “entanglement” mean from a practical view, for example. The second is to introduce a particular brand of quantum technology based on ultracold atoms, i.e. atoms that are cooled to less than a millionth of a degree of absolute zero using optical and electromagnetic techniques. The third is to introduce a number of examples in which microwave engineering impacts quantum applications, and where quantum technology can impact microwave applications.",Scientific Abstract,https://ieeexplore.ieee.org/document/9924490,HWT,0
13,"In millimeter-wave (mmW) component engineering and manufacturing processes, it can be a constant struggle to achieve good calibration and measurement accuracy and repeatability. Furthermore, it is even more challenging to accurately and consistently characterize devices in a volume production setting where testing speed and data reliability are essential. The contactless flange is a good solution to this problem. It can be electrically connected to a device under test (DUT) without full mechanical contact and without tightened screws. There are two types of contactless flanges, i.e., the choke flange and the pin-array flange. In this paper, the performance of three typical contactless flange designs is presented and compared, especially in consideration of possible misalignment. Additionally, a rail positioning system integrated with contactless flanges is proposed to minimize the alignment efforts during waveguide component testing. The rail positioning system has been successfully integrated with mmW frequency extenders for vector network analyzers (VNAs) to ease and improve mmW and THz testing.",Scientific Abstract,https://ieeexplore.ieee.org/document/9924490,HWT,0
14,"In this paper, an interferometric receiver architecture suitable for integrated multifunctional large-scale wireless systems is devised and presented. The receiver inherits the technical merits of multiport interferometric receivers, while it can simultaneously receive data and detect both Angle-of-Arrival (AoA) and polarization of incoming signals. A theoretical foundation with modeling of different functions, namely data communication, AoA estimation, and polarization detection, is described in detail. To validate the proposed multifunction receiver architecture, an experimental prototype is developed and fabricated at Ka-band for fifth generation (5G) applications and beyond. Simulated and measured results support the feasibility of this innovative multifunction interferometric receiver architecture for simultaneous data reception, AoA estimation, and polarization detection.",Scientific Abstract,https://ieeexplore.ieee.org/document/9924490,HWT,0
15,"This paper presents the design methodology, the realization, and the power characteristics of plastic low-cost packaged dual Power Transmitters (PTs) operating in the 27–32 GHz band. Both millimeter-wave power transmitters are based on a High Power Amplifier and an SPDT switch; they are fabricated on 150-nm Gallium Nitride HEMT on Silicon Carbide technology (AlGaN/GaN on SiC) from UMS. The main aim of this realization was the high integration of several power functions in the same package, achieving high output power, high Power Added Efficiency, and a high isolation level between the two RF output paths addressing two pairs of antennas. The measured power results under Continuous Wave (CW) signal of the dual PT demonstrate a maximum output power for each transmitter (POUT) higher than 4 W (36 dBm) with 20% Power Added Efficiency (PAE), 24 dB of insertion gain (GI), and 34 dB isolation between the two activated RF paths in the 27–32 GHz bandwidth.",Scientific Abstract,https://ieeexplore.ieee.org/document/9924490,HWT,0
16,"We present a low-temperature flip-chip-based mounting technology, enabling integration of indium phosphide (InP)-based chiplets on BiCMOS. The process temperatures of well below 200 °C allow mounting chips with limited temperature budgets without degrading device performance. To ensure good scalability, repeatability, and flexibility in terms of complex transitions, we use a pillar-based approach instead of the popular bump array technique. Thermal simulations prove that the increase in thermal resistance due to integration is not critical. The RF performance was evaluated using simple coplanar waveguide (CPW) test chips and carriers without any special transition optimization. The results indicate good broadband characteristics up to frequencies beyond 100 GHz.",Scientific Abstract,https://ieeexplore.ieee.org/document/9924490,HWT,0
17,We present different concepts of a THz-wireless point-to-multipoint (P2MP) communication system based on fast spatio-temporal beam-switching in the THz domain and discuss implications for the system and the DSP design. Characterization results from simulations and experiments towards the realization of a highcapacity P2MP THz-wireless communication prototype system will be presented.,Scientific Abstract,https://ieeexplore.ieee.org/document/9924490,HWT,0
18,"This paper presents a top-down architectural analysis of a MIMO imaging system in terms of analog-to-digital converter (ADC) requirements. This helps to determine the optimal ADC accuracy and make the right choice for an ADC circuit architecture, without going into an over-design effort. It results in a 32 MS/s 8-bit SAR ADC based on a hybrid DAC architecture. The ADC was designed in a 130 nm SiGe BiCMOS process, demonstrating core power consumption of 0.3 mW from a 1.2 V supply. The ADC core occupies a 0.23 × 0.13 mm² silicon area and can be easily integrated with a 220–260 GHz imaging receiver on the same IC. It will significantly improve power consumption, form factor, and assembly of the complete MIMO imaging system.",Scientific Abstract,https://ieeexplore.ieee.org/document/9924490,HWT,0
19,"It is shown, that different resonances of close dual-post configurations can be utilized for dual-band filter designs. The resonances of close dual-post arrangements are no longer the resonances of the individual posts because of the strong coupling. The independent control of these dual-post resonances is one prerequisite for the design of the novel dual-band filters. The second one is the independent control of interface and inter-resonator couplings of the different resonances. Thus, possible measures that allow the individual adjustment of resonances and couplings for a dual-band filter design are introduced. The general feasibility of this novel approach is demonstrated by a dual-band filter design at 2.5GHz providing two 4-order filter characteristics.",Scientific Abstract,https://ieeexplore.ieee.org/document/9924490,HWT,0
20,"The inherent phase reversal of the higher order mode, or odd mode, of close dual-post configurations is exploited in the design of pseudo-elliptic filters with transmission zeros at finite frequencies. This phase transformation allows the realization of negative coupling coefficients in coaxial technology without using traditional probes. Design guidelines in regards to control of the elements of the equivalent circuit are discussed. The approach is illustrated at the example of quadruplet filters at 2.6 GHz with two TZ’s at finite frequencies. Full-wave simulation results confirm the validity of the approach.",Scientific Abstract,https://ieeexplore.ieee.org/document/9924490,HWT,0
21,"This paper presents a new class of in-line rectangular waveguide filters with source-to-load (S-L) coupling for generating transmission zeros (TZs). The easiest way to obtain a direct S-L coupling is to connect source and load by a secondary path realized with a waveguide section. However, in an in-line filters, source and load are in general distant, this resulting in a long waveguide section that generate spurious frequencies that degrade the filter performance. In this paper, an alternative method where the secondary path is realized by the cascade of cavities is introduced. Resonances generated by the cavities of the secondary path are then removed by exploiting the spurious self-suppression method. Cavities in secondary path can have a very small volume and their contribution to the filter Q-factor is extremely limited. This results in a secondary path that has a limited impact on the dimension of the whole filter. To validate the proposed method, a 4th order filter has been designed, fabricated, and measured.",Scientific Abstract,https://ieeexplore.ieee.org/document/9924490,HWT,0
22,"This article presents a study of a reconfigurable patch antenna using a p-i-n diode for 4G and 5G applications. The antenna is printed on PowerCoat XD paper by screen-printing technique to reach the goal of creating sustainable and environmentally friendly components. By controlling the diode state, the antenna resonance frequency can be switched between 3.6 GHz — a frequency in the 5G band and 2.4 GHz — in the 4G band. Reflection coefficient measurement shows that by switching the state of the diode from OFF to ON, the antenna resonance frequency is changed from 3.6 GHz to 2.4 GHz.",Scientific Abstract,https://ieeexplore.ieee.org/document/9924490,HWT,0
23,"This work presents a pressure transducer consisting of a 3D coupled-line directional coupler, where the distance between lines varies with the applied pressure. In particular, two quarter-wave microstrip lines facing each other are aligned one on top of the other so that part of the signal flowing in one line is coupled to the other line. When pressure is applied, the distance between lines reduces, while coupling increases. That way, different pressure levels are converted into different coupling values. Two parallel-plate waveguides connect the microstrip line on the top layer to the bottom layer, so that all four ports of the directional coupler are realized on the same layer. The circuit is manufactured with stereolithography 3D printing. Selective metallization is performed embossing the desired patterns on the 3D printed dielectric and then applying silver nanoparticle ink to the protruding areas with a brush. A proof-of-concept prototype, working at 3 GHz, was manufactured and tested. The proposed prototype features a change of the transmission coefficient between the input and the coupled ports from -15.6 dB to -12.4 dB for an applied pressure of 278 kPa compared to zero pressure state, thereby proving the working principle of the circuit. The proposed transducer can be used in a harmonic transponder, and the pressure information can be retrieved from the amplitude difference of the signals at the direct and coupled ports. The obtained results open the door to a new class of pressure transducers that are based on additively-manufactured radio-frequency components, and are suitable for passive wireless sensors.",Scientific Abstract,https://ieeexplore.ieee.org/document/9924490,HWT,0
24,"Seasonal Alpine snowpack is an important reservoir of fresh water useful for human and agricultural purposes and for hydroelectric power generation. Thus, monitoring the evolution of the snow is very useful to control this important factor. To do this, different approaches are used. Among them, microwave-based devices are used, but show some limitations due to the impossibility to retrieve the parameters without a priori assumptions or complementary information about the snowpack, or complex data processing. This paper present a portable radar architecture able to overcome this limitation by using a dual-receiver system. The device was already tested for the S-band. Now, a multi-spectral analysis is tested for the first time to retrieve values of depth, density and snow water equivalent (SWE), for dry snow. The system was tested in real field sites in the Italian Alps during late winter 2022. The overall results were in good agreement with manual measurements.",Scientific Abstract,https://ieeexplore.ieee.org/document/9924490,HWT,0
25,"Remote longterm monitoring of Snow Water Equivalent (SWE) is essential for prediction of hydro electric power production, climate models and more. In this paper we present a low-power, low-cost upward looking radar system compliant with the FCC/ETSI UWB regulations for unlicensed longterm remote SWE monitoring. The SWE is estimated using the two-way time of arrival distance measurement of a fixed reflector. To filter radar clutter and seasonal external environmental interference, the reference reflector is oscillating at 0.6 Hz normal to the radar to enable pulse doppler signal domain processing and robust operation. A SNR of 8 dB is measured trough 3.15 m dry old snow considered sufficient for most dry snow applications.",Scientific Abstract,https://ieeexplore.ieee.org/document/9924490,HWT,0
26,"This work aims to consider the use of different SAR operating at X-, C- and L-band in order to improve the monitoring of snow covered areas and soil in Alpine areas. A preliminary dataset of X-, C- and L-band is acquired and analysed in order to exploit the potentialities in snow and permafrost monitoring. The intensity and phase of the SAR signal at different frequencies shows sensitivity for estimating Snow Water Equivalent and permafrost characteristics.",Scientific Abstract,https://ieeexplore.ieee.org/document/9924490,HWT,0
27,"As radar technology progresses to higher frequencies, the use of imaging systems becomes more important. Although ranges in the terahertz frequency spectrum are decreasing due to atmospheric attenuation, near-range applications are of great interest for industrial applications. This paper summarizes and compares the main technological approaches and concepts.",Scientific Abstract,https://ieeexplore.ieee.org/document/9924490,HWT,0
28,"We describe a method for performing cryogenic permittivity and loss tangent measurements of small (few mm), high-permittivity dielectric cylinders used in surface impedance measurement of superconductors. We combine the use of sapphire and PTFE supports to hold the dielectric under test and provide good thermal conductivity to the cold head. Additionally, the sapphire support is used to facilitate the measurement of the cavity’s metal loss and the assessment of its contribution to the overall resonator loss.",Scientific Abstract,https://ieeexplore.ieee.org/document/9924490,HWT,0
29,"This paper introduces a method to extract the apparent permittivity of a transmission line by using only one band limited measurement. This approach can be used for arbitrary cross-section geometries as long as the dielectric filling is homogeneous, therefore extends the method proposed in [1] to determine an initial phase to be capable of dealing with a dielectric filling of a transmission line’s cross-section. The group velocity is exploited in its property as a derivative quantity to set up a system of equations, whose solution delivers the initial phase offset -usually lost in band limited measurements- and the apparent permittivity.",Scientific Abstract,https://ieeexplore.ieee.org/document/9924490,HWT,0
30,"In this paper an effective though simple method to accurately characterize dielectric substrate materials at mm-wave frequencies is presented. The method is based on the use of a resonant cavity in SIW technology realized in a substrate made out of the material to characterize. Based on the measured resonant frequency, it is then possible to extract the electrical properties of the material exclusively from the geometry of the cavity. The SIW cavity is fed by two grounded coplanar waveguides to reduce the loading effect of the transmission lines and to avoid errors in the estimations of relative permittivity. The proposed cavity provides a solution for material characterization for emerging 5G-and-beyond applications operating at high frequencies. Measurements have been performed in the frequency range from 10 GHz to 30 GHz, but the design is scalable to lower or higher frequency ranges, if within the possibilities of the manufacturing process of the cavity.",Scientific Abstract,https://ieeexplore.ieee.org/document/9924490,HWT,0
31,"This paper reports on the characterisation of four common types of dielectric materials, i.e. fused silica, Polymethylpentene (trade name TPX), YAG, and UHMW polyethylene, at G-band (140–220 GHz) using the material characterization kit (MCK). This is effectively a guided free-space method, with the waves propagating in enclosed corrugated waveguides. Time-gating and Savitzky-Golay filter are utilised to address the problem of rapid oscillations in the extracted permittivity and loss tangent due to the spurious signal reflections inside the MCK. These two data filtering techniques efficiently remove spurious effects, and the processed results are in good agreement. The same samples were also measured using the time-domain spectroscopy (TDS) method for comparison. Generally, the results from both methods are in good agreement. Additionally, UHMW polyethylene samples with different thicknesses are measured, presented, and discussed. It is demonstrated that sample thickness plays an important role in the extracted material properties at high frequencies.",Scientific Abstract,https://ieeexplore.ieee.org/document/9924490,HWT,0
32,"The design and first experimental results of a Ka-band bandpass filter for high-power satellite applications are presented in this paper. The filter is based on dielectric-loaded TE01δ mode cylindrical cavity resonators, which allow for minimizing the volume occupation with respect to other standard technologies (i.e. circular cavity filters) still maintaining high unloaded Q-factors (>7000). The proposed ceramic resonator can be moved along its axis inside the resonant cavity. The reconfigurable position of dielectric load allows the regulation of the resonant frequency without additional tuning mechanisms, which can degrade the unloaded Q-factor of the resonator and affect the power-handling capabilities. The materials and geometries have been accurately selected for improving also the high-power performance of the filter in terms of thermal-flow and multipactor up to 150 W continuous wave of the input RF power. The feasibility of the proposed approach has been experimentally demonstrated by the RF measurements of a 6th order filter prototype.",Scientific Abstract,https://ieeexplore.ieee.org/document/9924490,HWT,0
33,This paper describes a novel approach for the design of SMD-compliant Ka-band diplexer employing micromachining on silicon manufacturing process. The integrated device offers a good trade-off between reduced volume/mass and electric performance. Air-filled resonant cavities are fabricated stacking metalized silicon layers to magnify the achievable Q-factor. The design aims at replacing bulky metal cavity filters in multi-band ground terminals for satellite communications. Fundamental mode TE101 resonant cavities and ridge structures are built exploiting different types of silicon layers. The designed component tailors the Ka-band 19.7–21.2 GHz (Rx) and 29.5–31 GHz (Tx) operative bands. The device has been manufactured and experimentally validated.,Scientific Abstract,https://ieeexplore.ieee.org/document/9924490,HWT,0
34,"This paper presents the design and the fabrication of a compact Ka-band dielectric cavity filter, manufactured in 3D-printed alumina technology. The goal is to achieve a flat in-band insertion loss, keeping constrained the device size. A 4th order and a 8th order cavity filters with 4 transmission zeros were designed and tested. The 8th order filter were designed using dual mode cavities in order to introduce additional transmission zeros without increasing the manufacturing complexity of the ceramic part. The filter is fabricated on low tanδ alumina which allows to achieve relatively high Q factor reducing the size of the device. The resonators exhibit a relatively- high unloaded Q-factor up to 800 which allows to increase the flatness in the operative bandwidth (27GHz–29.4GHz, FBW 8.5%). The selection of the material and filter geometry determine a very low occupation area (14×25mm2). The cavity filter has been mounted on alumina substrate to improve the thermal stability of the joint. The device demonstrates good robustness to thermal variations in the range between -10 and 70◦C.",Scientific Abstract,https://ieeexplore.ieee.org/document/9924490,HWT,0
35,"This work presents a PLL architecture to achieve a relative bandwidth of >100% with a single PLL. To showcase the approach, a PLL generating frequencies inside the UWB is shown. The PLL utilizes the tuning range of two VCOs, while a single loop filter architecture generates both tuning voltages. To reduce implementation effort, the architecture can be simulated as a single, equivalent VCO. This equivalent VCO itself offers the maximum relative bandwidth of 200%. Additionally, it offers a more linear tuning curve than a single VCO. The maximum frequency of the PLL is 12.5 GHz, while its minimum frequency and hence relative bandwidth is only limited by the minimum divider value and reference frequency of the commercially available PLL.",Scientific Abstract,https://ieeexplore.ieee.org/document/9924490,HWT,0
36,"This work presents a self-oscillating mixer (SOM) based on a slow-wave structure for phase-noise reduction. Emphasis is placed on the analysis/optimization methods, which include aspects such as conversion gain, nonlinear distortion, and operation boundaries. In a first stage, the parameters of the slow-wave structure are optimized to obtain a low phase-noise spectral density. As an example, a structure based on a unit cell containing a Schiffman section is considered. Then, the SOM behavior is addressed through an analytical model that should enable an understanding of its main operation characteristics. A practical FET-based circuit at 2.3 GHz is simulated with some novel harmonic-balance techniques and experimentally characterized.",Scientific Abstract,https://ieeexplore.ieee.org/document/9924490,HWT,0
37,This paper presents linear phase shifter using Vernier ladder network. The linear phase control was achieved by vector modulator with pseudo-sine-cosine generator using folding circuits and proposed Vernier ladder network. The Vernier ladder network provides useful functions of digital control and linear phase control while having tolerance to PVT variations. A prototype phase shifter exhibits linear phase shift characteristics of over 360◦ at 2.5 GHz and 5 GHz. The measured RMS phase errors are 4.3◦ for 2.5 GHz and 4.6◦ for 5 GHz without any digital pre-calculation or calibration.,Scientific Abstract,https://ieeexplore.ieee.org/document/9924490,HWT,0
38,"In this paper, we present the design of a novel space-grade high frequency oscillator operating at 11.8 GHz based on a push-push balanced configuration and packaged components. The push-push oscillator based on a dielectric resonator presented in the paper shows excellent phase noise performance at high frequencies while meeting derating requirements for use in space. The paper summarizes the transistor model optimisation, the dielectric resonator cavity modelling, circuit and electromagnetic simulation and finally the oscillator characterisation against temperature. The obtained performance is then compared to same oscillator based on single-ended configuration.",Scientific Abstract,https://ieeexplore.ieee.org/document/9924490,HWT,0
39,"In this paper a 232–242 GHz radiating transmitter (Tx) is presented in TSMC 28nm bulk CMOS. The Tx consists of 75–85 GHz PA (power amplifier) followed by 75–85 GHz to 225–255 GHz tripler. The PA and tripler are single common source stages with 0.9V supply. The output of the tripler is connected to an on-chip ring structure that excites an on-chip dielectric resonance antenna (DRA). The radiating Tx has a directivity of 6.5 dBi with 60% efficiency and 10 GHz bandwidth. The Tx has a measured peak EIRP of 6 dBm, a record 0.7 dBm total radiated power and a DC-to-RF efficiency of 1.5%.",Scientific Abstract,https://ieeexplore.ieee.org/document/9924490,HWT,0
40,A broadband on-chip antenna concept at 380 GHz on GaAs is presented. The antenna achieves high radiation efficiency of 80% and an impedance bandwidth of 25% utilizing laser-processed fused silica matching layer. Probe-based measurements are performed for antenna characterization,Scientific Abstract,https://ieeexplore.ieee.org/document/9924490,HWT,0
41,Optical phase- (PM) and spatial-modulators (SLM) are of interest in integrated realization of highly stable RF clocks using self-forced opto-electronic oscillators and all-optical ADC that are to be realized using electro-optic (EO) chromophores on Si-Photonics platforms. Design and performance comparison of broadband RF electrodes of the optical modulators are presented in this paper using lateral coupled micro-strip (CMS) driving electrodes as travelling and standing waves. Improved bandwidth and group delay flatness are observed using proper terminations of CMS in PM. Optical waveguide structure of SLM designs is based on PM design with a higher index of refraction prism as optical superstrate to achieve leaky wave. Optical core waveguide design comparisons are made in terms of CPO-1 and JRD-1 EO chromophores with PMMI as host surrounded by NOA65 cladding. Optimized SLM is basis of 40GSPS ADC with effective number of bits as high as 9.4.,Scientific Abstract,https://ieeexplore.ieee.org/document/9924490,HWT,0
42,"Commonly, printed circuit board (PCB) interconnects are realized as plated through-hole arrangements or even by means of connectors. To avoid the associated complexity and reduce the manufacturing effort and cost, we propose as an alternative the use of anisotropic conductive adhesives (ACAs). The approach is especially suitable for systems with high integration density and challenging circuit complexity, such as phased array antennas. Two different commercially available ACAs are considered to realize interconnects — here between two single-layer PCBs. The measurements performed up to 40GHz yield transmission coefficients exceeding -1.4 dB and reflection coefficients below -13 dB, thus confirming the validity of the approach.",Scientific Abstract,https://ieeexplore.ieee.org/document/9924490,HWT,0
43,"The new 3D packaging technology based on 3D-redistribution layer (RDL) copper interconnect is proposed for 5G highly-integrated RF system in-package (SIP) applications. The stacked dies enabled the construction of a compact SIP in conjunction with this conformal RDL coplanar waveguide (CPW) interconnect. The S-parameter performance was investigated through simulation and measurement. The unwanted coupling between adjacent passive elements was reported to be < -25 dB for all ports in sub-6 GHz frequency bands. 3D-integrated passive device (IPD) was also designed, realized, and tested for its manufacturing accuracy. All measurements were reported taking into consideration the effect of the dense land-grid array (LGA) solder interconnect and fixture PCB transition. A good agreement between simulation and measurement of the passives was observed from 1 to 30 GHz.",Scientific Abstract,https://ieeexplore.ieee.org/document/9924490,HWT,0
44,"This paper discusses the design details of an E-band phased array eWLB package along with the test board used to evaluate the package performance. The eWLB package includes eight phase matched controlled impedance transmission lines. The BGA transition has been optimized using FEM solver. The measured loss of the eWLB test structure is ∼-3 dB at 73GHz. This loss includes 4.5 mm eWLB trace, BGA transition and 1 mm PCB test trace.",Scientific Abstract,https://ieeexplore.ieee.org/document/9924490,HWT,0
45,"A wideband quadruple-differentially-fed (eight port) aperture-coupled stacked patch antenna (ACSPA) is presented in this paper. The proposed feeding configuration allows combining eight driving signals through four offset apertures coupled to a stacked patch antenna. Compared to conventional power combining approaches based on lossy power-combiners, either implemented at the printed circuit board (PCB) or the monolithic microwave integrated circuit (MMIC) level, the proposed on-antenna power combining (OAPC) structure improves the efficiency, the transmitted power, as well as the heat dissipation. Furthermore, a wideband operation is achieved implementing resonant apertures in addition to the stacked patch antenna structure. As a proof of concept, a demonstrator of the quadruple-differentially-fed ACSPA operating at X-band was designed and fabricated. Simulation and measurement results validate this novel on-antenna power combining technic as well as its wideband characteristic (36%).",Scientific Abstract,https://ieeexplore.ieee.org/document/9924490,HWT,0
46,"This work presents a 1x4 dielectric image line phased array at W-band. It incorporates liquid crystal phase shifters, which are controlled by bias electrodes directly placed on the phase shifters without causing severe radiation loss. Power divider, phase shifters and antenna elements are all built in the dielectric image line topology, enabling a flat integrable component. The demonstrator has a beam scanning range of ±10◦, while keeping a high gain of 17 to 18 dBi, and a side-lobe level of -7.5 dB at 95 GHz. A significant reduction of bias voltage and in switch-on response time of the phase shifters by more than 90% compared to state-of-the-art dielectric liquid crystal phase shifters is achieved.",Scientific Abstract,https://ieeexplore.ieee.org/document/9924490,HWT,0
47,"For precise on-wafer measurement of active microwave devices in a microstrip or coplanar environment, the 16-term error model with reflection and transmission self-calibration is used in a novel combination with four leaky two-port reflection standards for crosstalk calibration. The lack of analytical formulae for calculation of the error terms with leaky standards is solved by an optimizer-based approach, which allows the choice of calibration method (e.g. TRL, LRM, LRRM) by defining the unknown calibration standards as optimization parameters. The crosstalks of the reflection and Load standards are obtained from EM structure simulation. An improved microstrip load is realized, which enables LR(R)M instead of TR(R)L calibrations up to at least 120 GHz. A measurement of a GaN HEMT with and without crosstalk calibration proves its strong effect on gain and stability factor.",Scientific Abstract,https://ieeexplore.ieee.org/document/9924490,HWT,0
48,"This paper presents a measurement method capable of characterizing the impact of sintering on the achieved electrical conductivity of nano silver inks. Therefore, a measurement setup at relatively low frequencies was chosen so that the electromagnetic (EM) field completely penetrates the conductive region. Thus, the transmission, which is highly influenced by conductivity variations of the material under test, can be measured. Even small variations due to different sintering temperatures are measurable in this way. A model describing the transmission of the EM field through the material sample, including a carrier layer of polyimide, was set up, which allows for inferring the conductivity of the sample. As samples, sputtered copper layers are examined, as well as nano silver inks sintered at different temperatures and with different sintering methods.",Scientific Abstract,https://ieeexplore.ieee.org/document/9924490,HWT,0
49,"Photocatalytic water treatment can be promising for eliminating toxic pollutants via a more sustainable approach using renewable sources. However, the technique still requires materials design to optimize/maximize the performance of the photocatalytic materials. Immobilizing the thin film photocatalytic materials onto high surface area textile substrates via atomic layer deposition (ALD) can offer a practical design approach. Al-doped ZnO (AZO) ALD films are deposited onto glass fabric substrates, and their photocatalytic performances were investigated in relation to the FESEM, XRD, XPS, UV–Vis, and PL characterizations. The amount of Al and the post-deposition annealing changed the materials structure, thus the photocatalytic activity of the films. Maximum performance was achieved with the 20 % Al-doped ZnO films after a post-deposition thermal annealing step at 450 °C. The sample also showed the highest UV–Vis absorption and PL emission among the samples. However, this sample didn’t show any crystal peaks in the XRD analysis. Furthermore, the charge carrier concentrations and the mobility of the films were investigated via Hall-Effect, which showed that the 20 % AZO sample has very different features with a p-type nature compared to the other AZO films.",Scientific Abstract,https://www.sciencedirect.com/science/article/abs/pii/S1010603024004593,HWT,0
50,"Polyethylene glycol (PEG)-coated magnetite nanoparticles are highly valued in research for their exceptional surface properties and high colloidal stability, which are crucial for applications like magnetic resonance imaging, hyperthermia, and targeted drug delivery. Among these, magnetic hyperthermia using magnetite nanoparticles has become a focal point of research due to its non-invasive therapeutic strategy. However, the fabrication of size-controlled, surface-functionalised magnetite nanoparticles with better magnetic properties and suitable high specific absorption rates (SAR) within the therapeutic limit remains a challenge. To address this, we investigated the impact of PEG coating (0–14 wt%) on the structural, surface, magnetic, and thermal properties of magnetite nanoparticles for potential use in magnetic hyperthermia applications prepared via the co-precipitation route. Results indicate that PEG coating can enhance colloidal stability and induction heating performance of magnetite nanoparticles. We synthesised polyethylene glycol-coated Fe3O4 nanoparticles and characterised their physical and magnetic properties using X-ray diffraction, Fourier Transform Infrared Spectroscopy, High-Resolution Transmission Electron Microscopy, and Vibrating Sample Magnetometry. Our results on zeta potential show that a polymer coating on Fe3O4 nanoparticles improves the stability. The 14 wt% PEG-coated magnetite exemplified a better induction heating with a SAR of 21.59 W/g having particle size of 12 nm and a zeta potential of −19.10 mV. These findings portray the PEG-coated magnetite nanoparticles can be used as a potential candidate for magnetic hyperthermia therapy.",Scientific Abstract,https://www.sciencedirect.com/science/article/pii/S2666845925002399,HWT,0
51,"Hydrostatically formed photogranules (HSPs) are spontaneously formed algal-bacterial aggregates, wherein sticky polysaccharides (PS) intertwine with the microbial moiety to form cohesive structures. However, the mechanism of algal-bacterial self-immobilization for spherical granules remains unclear. Herein, we elucidated cyanobacterial-bacterial interactions by applying multi-omics analysis to reveal the self-aggregation mechanism of HSPs. Under optimal conditions, mature HSPs were formed within 30 days with the success rate of cultivation exceeding 90 %. During the phototrophic bloom and granulation phases, PS secretion was significantly correlated with the levels of c-di-GMP (p < 0.01). Notably, alginate (24.43 % ± 4.23 %) was the most abundant metabolite among the PS compositions, and the cross-feeding between filamentous cyanobacteria (FC) and symbiotic bacteria for alginate constituted the core of intercellular relationships in HSPs. FC secreted c-di-GMP via a Wsp chemosensory-like system and promoted the alginate production. Acidobacteriota-affiliated bacteria exhibited expression of gene algl (4.47 %) to utilize alginate, contributing to PS polymerization and a tight assembly of FC and bacteria. In return, bacteria provided growth factors and facilitated public-goods (vitamins and cofactors) exchanges with FC. Overall, the metabolic characterizations advanced the photogranulation mechanism from the aspect of cross-feeding mediated by c-di-GMP, highlighting the significant role of PS in the growth progressions of HSPs.",Scientific Abstract,https://www.sciencedirect.com/science/article/abs/pii/S1385894725103197,HWT,0
52,"Electrochemical sensors are fast, sensitive and highly specific, showing great potential in the early diagnosis and treatment monitoring of diseases. In recent years, with the continuous development of nanotechnology, biomaterials science and microelectronics technology, the performance of electrochemical sensors has been significantly improved. This study detected protein biomarkers related to non-small cell lung cancer through electrochemical sensor technology, constructed a multi-protein biomarker network, and analyzed their roles in tumor progression and treatment. The study integrated multiple transcriptome datasets of non-small cell lung cancer and utilized the Perl and R/Bioconductor frameworks for data standardization and batch effect correction. Differentially expressed genes are screened through linear models, and feature selection and prediction model construction are carried out by using machine learning algorithms such as LASSO regression, support vector machine (SVM), and random forest (RF). Research has found that by detecting these biomarkers through electrochemical sensors, early diagnosis and precise treatment monitoring of non-small cell lung cancer can be achieved. The constructed multi-protein biomarker network has revealed key signaling pathways in tumor progression and treatment, providing a theoretical basis for the development of new therapeutic strategies. Therefore, electrochemical sensors have significant application prospects in the medical testing of non-small cell lung cancer. Its high sensitivity and specificity enable it to effectively detect disease-related biomarkers, providing strong support for early diagnosis and treatment monitoring. Future research requires further optimization of the design and fabrication process of electrochemical sensors to enhance their performance and reliability, so as to meet the demands of clinical testing.",Scientific Abstract,https://www.sciencedirect.com/science/article/abs/pii/S0026265X25030528,HWT,0
53,"Mentalizing—the ability to understand and attribute mental states to others—relies on effective self-regulation and social-cognitive processing, both of which may be shaped by cardiac autonomic responses. While prior research has primarily emphasized the role of cardiac parasympathetic (PSNS) activity in social cognition, the contribution of cardiac sympathetic (SNS) activity and its dynamic interaction with PSNS remains underexplored. This study simultaneously investigated resting and task-related cardiac sympathetic-parasympathetic activity and reactivity to examine the associations with mentalizing performance in healthy young adults (N = 120). Resting heart rate variability and systolic time intervals were used to index cardiac PSNS and SNS activity, respectively, with phasic reactivity calculated as percentage change scores during mentalizing performance. Hierarchical regression analyses showed that higher cardiac PSNS activity and lower cardiac SNS activity at rest jointly predicted better mentalizing performance. Importantly, reduced cardiac SNS reactivity—but not cardiac PSNS reactivity—was a stronger predictor of mentalizing performance, and further mediated the relationship between resting cardiac autonomic activity and mentalizing performance. These findings highlighted the importance of cardiac SNS control, alongside cardiac PSNS control, in supporting socio-cognitive processing. This study suggested the understanding of efficient regulation to physiological arousal and advocated for an integrative cardiac psychophysiological model of social cognition that incorporates both cardiac sympathetic-parasympathetic branches.",Scientific Abstract,https://www.sciencedirect.com/science/article/abs/pii/S016787602500786X,HWT,0
54,"Acute lung injury (ALI) is a life-threatening pulmonary disorder characterized by diffuse alveolar damage and an intense inflammatory response, leading to respiratory distress and hypoxemia. Early detection and intervention are imperative to prevent further deterioration of the condition. This study proposes a prediction framework for ALI prediction based on the integration of kernel extreme learning machine (KELM) with a multi-strategy enhanced particle swarm optimization (PSO) algorithm (TSPSO). TSPSO improves global search capability by incorporating advanced strategies into PSO, outperforming several PSO variants and rivaling top-tier algorithms such as LSHADE_cnEpSi on the IEEE CEC 2017 benchmark. Based on hematological data from a controlled murine ALI model, the developed bTSPSO-KELM achieves high predictive performance, with an accuracy of 91.43 %, sensitivity of 96.82 %, specificity of 82.49 %, precision of 90.40 %, Matthews correlation coefficient of 81.80 %, and an F-measure of 93.43 %. Notably, the method identifies hemoglobin, hematocrit, mean platelet volume, and lymphocyte percentage as key predictive features. In summary, this approach offers a robust and effective tool for enhancing ALI prediction accuracy and evaluating ALI in mice.",Scientific Abstract,https://www.sciencedirect.com/science/article/abs/pii/S1568494625008038,HWT,0
55,"The failure of shallow neural network architectures in replicating human intelligence led the machine learning community to focus on deep learning, to computationally match human intelligence. The wide availability of increasing computing power coupled with the development of more efficient training algorithms have allowed the implementation of deep learning principles in a manner and span that had not been previously possible. This has led to the inception of deep architectures that capitalize on recent advances in artificial intelligence and insights from cognitive neuroscience to provide better learning solutions. In this paper, we discuss two such algorithms that represent different approaches to deep learning with varied levels of maturity. The more mature but less biologically inspired Deep Belief Network (DBN) and the more biologically grounded Cortical Algorithms (CA) are first introduced to give readers a bird’s eye view of the higher-level concepts that make up these algorithms, as well as some of their technical underpinnings and applications. Their theoretical computational complexity is then derived before comparing their empirical performance on some publicly available classification datasets. Multiple network architectures were compared and showed that CA outperformed DBN on most datasets, with the best network architecture consisting of six hidden layers.",Scientific Abstract,https://www.sciencedirect.com/science/article/pii/S2210832717300947,HWT,0
56,"Surface with extreme wettability prepared by laser-chemical composite process has been widely used in the fields of anti-icing, self-cleaning, oil/water separation and biological detection. However, it was difficult to accurately predict whether a group of surfaces possessed extreme wettability based on the traditional physical models due to the complex coupling between the influencing factors of superwetting surface including structure and chemistry. In this study, a set of surface morphology descriptors in micro/nano scale and surface chemistry descriptors in molecular-scale were designed as the inputs for the establishment of a machine learning (ML)-based prediction model in terms of surface wettability. The XGBoost model was utilized due to its superior performance and the parameters of the model were optimized. The SHapley Additive exPlanations (SHAP) method was used to obtain the most relevant features of the surface wetting characteristics. The contact angle of the newly prepared superwetting surface was predicted. By experimental validation, the results showed that the Root Mean Square Error (RMSE) and Mean Absolute Error (MAE) values of the XGBoost model on the validation set were 6.55 and 4.61°, respectively. In addition, the R2 value of the prediction results reached 0.99, indicating that the model was able to adequately capture the connection between the selected features and surface wettability. This proved that the proposed ML model exhibited excellent generalization ability and could perform well on new data sets, even though these data were obtained from different treatment methods. In addition, the experimental data required by this method can be easily obtained, and thus the subsequent data set can be quickly supplemented. Therefore, it could provide good reference and guidance for the design and fabrication of different types of superwetting surfaces.",Scientific Abstract,https://www.sciencedirect.com/science/article/abs/pii/S1526612525008618,HWT,0
57,"Analyzing and optimizing the melting process by applying external forces and adjusting the geometry and material composition offers significant advantages for various industrial applications, including energy storage systems, thermal management components, and casting processes. This study focuses on the enhancement of the melting process in a latent heat thermal energy storage system (LHTES) by applying both passive and active techniques. The LHTES chamber containing nanoparticle enhanced phase change material (NEPCM) is partitioned into several sections (1, 2, 4, 6, and 8). Furthermore, a cylindrical permanent magnet is used to manipulate the magnetic nanoparticles motion in the liquified PCM. It is shown that increasing the number of partitions improves the heat transfer and melting by intensifying the natural convection and increasing melting fronts and the interface between solid and liquid phases. Moreover, applying the magnetic field further accelerates the melting by enhancing flow circulation within the NEPCM, particularly around the heated surfaces. Results also indicate that the total melting time is reduced as the magnetic field intensity increases, demonstrating the synergistic effect of chamber partitioning and magnetic field application in optimizing LHTES performance. At the highest magnetic field intensity considered, the total melting times for 1-, 2-, 4-, 6-, and 8-chamber configurations are 900 s, 565 s, 445 s, 382.5 s, and 310.5 s, respectively. Furthermore, relative to the 1-chamber case without an external magnetic field (melting time: 994 s), the 8-chamber configuration reduces the melting time by 53.93 % (to 458 s) in the absence of a magnetic field and by 68.77 % (to 310.5 s) when a magnetic field of 1.38e5 A/m is applied.",Scientific Abstract,https://www.sciencedirect.com/science/article/abs/pii/S135943112503354X,HWT,0
58,"Photovoltaic (PV) panels are commonly used for solar energy conversion; however, the performance of PV panels decreases significantly because of overheating. This study presents a new method of PV cooling that uses twisted tape in water-cooled channels to enhance heat transfer. A computational study was performed to analyse how several parameters influence the twisted tape pitch, single and double V-cut depths (7.5 mm), and the cross-sectional shape of channels (rectangular and circular) on the performance of a solar PV under various flow rates (Reynolds number of 50–300) and radiation intensities while starting from a coolant temperature of 20 °C. It was found that the use of the twisted tape reduced the cell temperature from 31.70 °C to 27.83 °C, and electrical efficiency increased from 11.68 % to 11.84 %. The optimized design reduced the cell’s temperature by 4.823 °C compared to the smooth channel.",Scientific Abstract,https://www.sciencedirect.com/science/article/pii/S2090447925005933,HWT,0
59,"Water hydraulic manipulators are becoming indispensable heavy-duty tools in nuclear facilities due to their zero-pollution advantage. Due to the limited reliability and lifespan of hydraulic valves using water as the working medium, water hydraulic high-speed on-off valves (WHSVs), capable of delivering discrete flow rates, are commonly employed as control components for water hydraulic manipulators. However, low-frequency flow output of the WHSV can cause vibrations in the manipulator joint and even damage the structure. To improve the operating frequency of the WHSV and enhance the stability of the manipulator, a multistage voltage and sliding mode control (MVSMC) algorithm is proposed to regulate WHSV operation. The sliding mode controller is employed to control the pre-opening current and holding current of the WHSV, which significantly reduces the switching time and increases the maximum switching frequency (MSF) of the WHSV. The dynamic characteristics and MSF of the WHSV driven by double-voltage control (DVC) and MVSMC are measured. Compared to DVC, the opening time of the WHSV driven by MVSMC is reduced by 46.5 %, and the closing time is reduced by 24.6 %. The WHSV driven by MVSMC achieves an MSF of 253 Hz, which is 25.9 % higher than that achieved with the DVC method. An experimental platform with a WHSV-controlled cylinder is constructed to test the manipulator joint. Experimental results demonstrate that MVSMC reduces the vibration amplitude of the manipulator joint by 15.9 % and improves system stability. The proposed MVSMC provides an effective control approach to achieve high-frequency operation in water hydraulic manipulators.",Scientific Abstract,https://www.sciencedirect.com/science/article/pii/S0955598625002687,HWT,0
60,"This study proposes a two-phase framework for the smart management of Water Distribution Networks (WDNs). In the first phase, daily water demand in Najaf Abad, Isfahan, Iran, is predicted using Multi-Layer Perceptron (MLP), Support Vector Regression (SVR), Random Forest (RF), Gated Recurrent Unit (GRU), and Long Short-Term Memory (LSTM) models. Unlike previous studies focusing mainly on climatic factors, this research improves accuracy by integrating social and cultural features derived from the Persian calendar, including a day index and holiday continuity, to reflect demand patterns during official and religious holidays as the first novelty. The second phase optimizes pump operation through a Mixed-Integer Non-Linear Programming (MINLP) model to minimize energy, repair, and maintenance costs. The optimization incorporates predicted demand, seasonal energy tariffs, water elevation, and pump switching intervals. This framework can provide global or operator-preferred local solutions as the second novelty and can be implemented in real time using existing telemetry systems without extra costs. Finally, the obtained results highlight LSTM achieved the greatest improvement in MSE (72.1%), while RF performed best in R2 (16%) and PCC (7.6%). Application during hot and cold periods reduced pumping energy costs by up to 9.7% (from $46.3 to $41.8) and 15.8% (from $36.6 to $30.8), and reduced pump switches by 64.9% (from 74 times to 26 times) and 75.7% (from 90 times to 22 times), respectively. Using TOPSIS, optimal pumping intervals of 12, 8, and 6 h were identified. The framework offers an efficient and practical solution for improving WDN performance.",Scientific Abstract,https://www.sciencedirect.com/science/article/pii/S2090447925005751,HWT,0
61,"Types in current programming languages specify constant sets of messages always acceptable throughout the lifetime of the types’ instances. However, especially in concurrent object-oriented systems, the acceptability of messages often changes with the objects’ states. We propose a typed concurrent object calculus where static type checking ensures that users send only acceptable messages although message acceptability may change dynamically. The programmer specifies in types predictable state changes and dependences of message acceptance on states; a compiler infers the needed state information. This state inference has polynomial time complexity and can be used together with subtyping.",Scientific Abstract,https://www.sciencedirect.com/science/article/abs/pii/S0096055101000194,HWT,0
62,"The last decade has seen the advent of the agent paradigm as a reference model in several fields of research, mainly but not limited to artificial intelligence and distributed systems. In open and distributed environments, where most facts are not known at all, the agent metaphor proves particularly useful if agents are able to autonomously perform some form of reasoning, possibly obviating knowledge incompleteness by means of hypotheses assumed on the unknown facts. A suitable mechanism to deal with incomplete and multiple knowledge is abductive reasoning.
The aim of this paper is to describe LAILA, a language that can be used by logic-based agents capable of abductive reasoning, by enabling them to express at a high level several ways to join and coordinate with one another. In particular, we considered collaboration and competition as possible interaction patterns in the abductive reasoning that must be carried out by multiple agents. Syntax and operational semantics of the LAILA language are given along with a clarifying example; a section is also devoted to a brief description of the current LAILA implementation.",Scientific Abstract,https://www.sciencedirect.com/science/article/abs/pii/S0096055101000200,HWT,0
63,"In this paper we describe languages for formalizing, visualizing and verifying software architectures. This helps us in solving two related problems: (1) the reconstruction of architectures of existing systems, and (2) the definition and verification of architectures of new systems. We define an expression language for formulating architectural rules, a graph language for visualizing various structures of design, and a dialogue language for interactively exercising the former two languages. We have applied these languages in a number of industrial cases.",Scientific Abstract,https://www.sciencedirect.com/science/article/abs/pii/S0096055101000133,HWT,0
64,"Industry is facing a crisis in the design of complex hardware/software systems. Due to the increasing complexity, the gap between the generation of a product idea and the realisation of a working system is expanding rapidly. To manage complexity and to shorten design cycles, industry is forced to look at system-level languages towards specification and design. The (formal) system-level modelling language called POOSL is very expressive and is able to model dynamic hard real-time behaviour and to (visually) capture static (architecture and topology) structure in an object-oriented fashion. The language integrates a process part, based on the process algebra CCS, with a data part, based on the concepts of traditional object-oriented programming languages and it is equipped with a formal semantics. Currently, a number of automated software tools (model editing, simulator and compiler tools) are available in an environment called SHESim. These tools allow visual entry of structure and topology of the system, whereas dynamic behaviour of individual processes is expressed in an expressive imperative language. The formal semantics of POOSL provides a solid basis for the application of verification and performance analysis techniques and establishing a rigorous connection to existing analysis tools.",Scientific Abstract,https://www.sciencedirect.com/science/article/abs/pii/S0096055101000145,HWT,0
65,"Graphical representations of business process models are an important means for business architects to grasp the inherent complexity of business processes. This paper reports on the visualisation features of AMBER, the graphical and formal business process language of the Testbed project, and Testbed Studio, its toolkit. Visualisation features fulfill explicit requirements, which are based on an investigation of a business architect's main activities. The paper presents the three main visualisation areas in Testbed: (1) the graphical representation of the language itself, (2) representation conventions, and (3) a set of business process views.",Scientific Abstract,https://www.sciencedirect.com/science/article/abs/pii/S0096055101000157,HWT,0
66,"Within this survey article, we explain real-time symbolic timing diagrams and the ICOS tool-box supporting timing-diagram-based requirements capture and rapid prototyping. Real-time symbolic timing diagrams are a full-fledged metric-time temporal logic, but with a graphical syntax reminiscent of the informal timing diagrams widely used in electrical engineering. ICOS integrates a variety of tools, ranging from graphical specification editors over tautology checking and counterexample generation to code generators emitting C or VHDL, thus bridging the gap from formal specification to rapid prototype generation.",Scientific Abstract,https://www.sciencedirect.com/science/article/abs/pii/S0096055101000170,HWT,0
67,"Procedure cloning is an interprocedural transformation where the compiler creates specialized copies of procedure bodies. The compiler divides incoming calls between the original procedure and its copies. By carefully partitioning the calls, the compiler ensures that each clone inherits an environment that allows for better code optimization.
This paper presents a three-phase algorithm for deciding when to clone a procedure. The algorithm seeks to avoid unnecessary code growth by considering how the information exposed by cloning will be used during optimization. We present a set of assumptions that bound both the algorithm's running time and code expansion.",Scientific Abstract,https://www.sciencedirect.com/science/article/pii/009605519390005L,HWT,0
68,"As global environmental concerns grow, corporate environmental, social, and governance (ESG) performance has become an essential indicator for measuring organizational value and sustainability. Considering the inherent complexity of ESG measurement, this study focuses on ESG ratings. Leveraging a decade-long dataset (2012–2021) from the A-share listed firms in China, this study empirically examines the impact of ESG on executive compensation (EC) and the mechanism by which firms’ financial performance plays a role between the two. By employing robust empirical methodologies, we elucidate how financial performance mediates this relationship and offer novel insights into the strategic alignment of sustainability initiatives with organizational reward systems. We find that ESG performance significantly affects EC levels. Specifically, ESG performance can improve EC levels by improving corporate financial performance. Heterogeneity analysis shows that executive salary levels are more affected by ESG performance in businesses with high pollution levels and those where the general manager and board chairperson do not hold concurrent positions. The empirical results demonstrate that integrating sustainability criteria into executive incentive structures and prioritizing robust ESG practices can generate measurable improvements in financial outcomes. Critically, organizational strategies must account for sector-specific environmental impact thresholds and intrinsic variations in corporate governance architecture. This study broadens ESG performance research, provides valuable guidance for establishing corporate ESG compensation, and motivates executives to actively improve corporate ESG performance and thereby achieve sustainable growth.",Scientific Abstract,https://www.sciencedirect.com/science/article/pii/S2666764925000293,HWT,0
69,"The accurate prediction of hot-spot commodities in the retail market is crucial for inventory management and market strategy formulation. Traditional methods focus on analyzing the sales trends of listed commodities to mine hot-spot commodities; however, these methods are incapable of dealing with new commodities that lack historical sales data. Although existing studies have used commodity features to predict hot-spot commodities, commodity features are complex and diverse, and it is difficult for a single prediction model to fully capture and accurately analyze the relationship between commodity features and sales hot-spots. This study proposes a commodity hot-spot classification prediction method based on an ensemble learning model that combines multiple machine learning methods, namely the gradient boosting decision tree, eXtreme gradient boosting, and light gradient-boosting machine, to analyze the relationship between commodity features and retail market sales trends. In addition, a voting strategy is designed to fuse the model classification results. The experimental results show that the accuracy of the ensemble model is as high as 0.91, outperforming a single model and other approaches. This method can effectively help enterprises to identify hot-spot commodities and provide strong support for new commodity designs and sales strategy adjustments.",Scientific Abstract,https://www.sciencedirect.com/science/article/pii/S2666764925000098,HWT,0
70,"The exponential escalation of cyber threats and attacks targeting Internet of Things (IoT) devices in this decade necessitates the development of effective intrusion detection methods. This paper presents an innovative anomaly-based intrusion detection system that leverages machine learning (ML) and deep learning (DL) models to secure IoT networks. This study utilizes the RT_IoT2022 dataset, a novel dataset that captures complex IoT attack scenarios. The study implements particle swarm optimization (PSO), a bio-inspired metaheuristic, for feature selection and optimization, successfully reducing computational overhead while enhancing model performance. Several models, including the support vector machine, k-nearest neighbors, categorical boosting (CatBoost), naïve Bayes, convolutional neural network, and long short-term memory, have been evaluated for their ability to classify normal and malicious attacks. Our findings underscore the crucial roles of ML and DL in safeguarding IoT networks and the importance of continuous model evaluation using real-world data. Experiments demonstrate that CatBoost combined with PSO outperforms state-of-the-art methods in the literature on the same dataset across all metrics.",Scientific Abstract,https://www.sciencedirect.com/science/article/pii/S2666764925000165,HWT,0
71,"The application of machine learning in the healthcare domain has groundbreaking potential across a wide range of scenarios. However, this potential is often stalled by data-related challenges, such as the imbalanced nature of the domain's data, where critical outcomes tend to be inherently rare. To address this challenge, we propose a novel oversampling approach, the counterfactual synthetic minority oversampling technique (Counterfactual SMOTE), which combines SMOTE with a counterfactual generation framework. Our method intrinsically performs an oversampling process near the decision boundary within a safe region of space, allowing for the generation of informative but non-noisy minority samples. To validate the proposed framework, a rigorous experimental procedure was conducted across a set of highly imbalanced binary classification challenges in healthcare. The results demonstrate the superiority of the proposed method over several of the most commonly used oversampling alternatives presented in the literature. Notably, Counterfactual SMOTE was the only method to present a convincingly superior performance when compared with the original SMOTE. Although the proposed method was specifically validated in the healthcare domain, owing to its relevance and frequently imbalanced nature, we expect the findings of this study to be generalizable to any imbalanced scenario.",Scientific Abstract,https://www.sciencedirect.com/science/article/pii/S2666764925000062,HWT,0
72,"All previous methods identify cycles in COVID-19 daily and weekly data based on a subjective interpretation of the results. This poses difficulties for researchers interested in conducting comprehensive studies to investigate the presence of cycles in country/territory/area (CTA). Hence, we propose an algorithm that automatically detects the fundamental period T0 and its harmonics. Based on previous literature, we used T0 ​= ​7 days for daily data and T0 ​= ​52 weeks for weekly data. The new algorithm was applied to the time series from 236 CTAs collected by the WHO. The detection results are reported by considering the WHO region to which the CTA belongs or the latitudinal position of the CTA capital. Our results confirm the findings of other researchers in WHO and latitude-based groups. Concurrently, the results provide new information about CTAs for which COVID-19 time-series data have not been carefully examined.",Scientific Abstract,https://www.sciencedirect.com/science/article/pii/S2666764925000086,HWT,0
73,"The construction and maintenance of roadway infrastructure contribute positively to social and economic development and improve traffic safety. However, roadway work zones (WZs) present safety issues for construction workers and travelers, and adversely affect vehicular movement. By collecting and analyzing Twitter data (currently “X” threads), this study aims to explore public perceptions regarding WZs and identify factors that influence crashes and public experience at WZs. In this study, we employed several machine learning methods to classify WZ tweets and performed exploratory, sentiment, and emotional analyses of the classified tweets. We then verified our Twitter-related research outcomes using police crash reports. Sentiment and emotion analysis using classified tweets (with a 92% classification accuracy and 0.68 F1-score) showed somewhat negative emotions towards roadway WZs and onsite physical elements. However, the overall sentiment and emotion scores support the positive outcomes of WZ activities. We also found a strong temporal relationship between WZ-related tweets and fatalities. A cross-analysis of tweets and crash reports revealed that certain physical elements (e.g., signs, barriers, barrels, closures, and workers) are strongly associated with severe crashes at WZs. The results of this study may help policymakers to make appropriate policy decisions to improve driving experience and reduce WZ-related traffic accidents.",Scientific Abstract,https://www.sciencedirect.com/science/article/pii/S2666764925000189,HWT,0
74,"The inherent class imbalance within textual data poses a significant challenge for machine learning-based techniques, as the available data often fails to adequately represent all classes. This scarcity of instances can make it even more challenging when there are overlapping regions within different classes. To address these limitations, this study introduces a refinement model for textual data classification with imbalanced datasets. The proposed approach, refined classification using overlap data with bagging and genetic algorithms (ReCO-BGA), aims to refine the classification predictions by creating a two-tier classification process. First, a bagging model is employed, incorporating three distinct classes: majority, minority, and an additional extracted class specifically for overlapping instances. Second, we propose to rectify the predicted overlap instances using a genetic-based oversampling technique. To evaluate the performance of ReCO-BGA, we conducted several experiments, focusing on two practical use cases: hate speech detection and sentiment analysis. The results demonstrated the effectiveness of the proposed method and showed that it outperforms state-of-the-art methods.",Scientific Abstract,https://www.sciencedirect.com/science/article/pii/S2666764925000177,HWT,0
75,"In recent years, rising geopolitical tensions, trade protectionism, and demand for safe-haven assets have driven a notable surge in financial market volatility, exposing the limitations of both traditional static and prediction-driven investment strategies. Existing reinforcement learning (RL) studies typically adopt fixed-reward designs, which limit their adaptability in non-stationary markets. To address this gap, this paper proposes a RL framework, VMD-PPO, that integrates variational mode decomposition (VMD) with proximal policy optimization (PPO). The framework leverages VMD to extract multi-scale market signals, employs PPO to optimize trading policies, and introduces a market-state-adaptive reward mechanism that dynamically balances return, risk, and transaction costs, overcoming the rigidity of static rewards in prior research. An empirical study centered on portfolio construction demonstrates that the VMD-PPO framework achieves superior performance across key metrics, including returns, maximum drawdown (MDD), and risk-adjusted returns, while consistently exhibiting strong robustness under various market trends. Unlike prior research, which primarily focuses on prediction accuracy, this study emphasizes adaptability and deployability, providing both a foundation and a practical pathway for applying RL to highly volatile financial assets.",Scientific Abstract,https://www.sciencedirect.com/science/article/pii/S2666764926000081,HWT,0
76,"In the financial sector, machine learning (ML) has emerged as a transformative technology that provides sophisticated solutions to critical challenges, such as in fraud detection, anti-money laundering, algorithmic trading, credit scoring, and financial forecasting. ML significantly improves the accuracy, speed, and efficacy of decision-making processes by using sophisticated algorithms and large datasets. Nevertheless, its integration into financial systems presents significant obstacles such as cybersecurity threats, regulatory compliance, and data quality concerns. Building on these developments, this review examines the emergence of quantum machine learning (QML), an approach that integrates quantum-computation principles with intelligent financial systems. QML exploits quantum phenomena, including superposition, entanglement, and parallelism, to overcome the computational constraints encountered in classical ML. Applications such as quantum support vector machines (QSVMs), quantum neural networks (QNNs), and quantum clustering are examined in the context of fraud detection, portfolio optimization, and market forecasting. In contrast to previous reviews, this study provides a comparative and integrative analysis of ML and QML in the financial domain. It highlights the current technical limitations and emergent hybrid quantum classical models, emphasizing strategic directions for future research. In addition, we suggest a new framework for assessing the suitability of QML in practical financial applications, thereby bridging the gap between theoretical potential and real-world deployment. This review not only consolidates recent advancements but also establishes the foundation for the next iteration of intelligent financial systems powered by quantum-enhanced technologies.",Scientific Abstract,https://www.sciencedirect.com/science/article/pii/S2666764926000019,HWT,0
77,"This study presents a systematic review of 108 peer-reviewed publications (2019–2024) on the application of deep learning (DL) to financial fraud detection. It examines advances in model architectures, such as Convolutional Neural Networks (CNNs), Long Short-Term Memory (LSTM) networks, transformers, and ensemble methods—across domains including credit cards, insurance, and financial reporting. This review identifies key challenges in data imbalance, automation, explainability, and compliance with data privacy regulations. As a key contribution, this study introduces the Deep Learning–Sector–Governance (DLSG) framework, a novel synthesis that aligns DL methods with sector-specific constraints and regulatory requirements to guide the development of scalable and compliant fraud detection systems. By integrating methodological trends, regulatory shifts, and domain needs, this review offers practical guidance for researchers, industry practitioners, and policymakers working to strengthen fraud mitigation strategies in increasingly complex financial ecosystems.",Scientific Abstract,https://www.sciencedirect.com/science/article/pii/S2666764925000372,HWT,0
78,"In the era of Noisy Intermediate-Scale Quantum (NISQ) technology, variational quantum algorithms have emerged as a prominent method to showcase quantum superiority. Quantum federated learning (QFL), employing these algorithms in a distributed computing setting, enhances training performance and protects user data privacy. However, this approach significantly increases the demand for quantum capabilities, which are often beyond the reach of average users. This paper introduces a novel approach to QFL that incorporates quantum homomorphic encryption to enhance data security and privacy during collaborative training. We present the Quantum Circuit Random Reconstruction Homomorphic Encryption Algorithm (QCRRA), designed to facilitate secure and efficient model training over quantum networks without compromising data privacy. The QCRRA allows participants with no quantum capabilities to engage in federated learning by encrypting their quantum circuits, thus obviating direct exposure of sensitive data to quantum servers. We analyze the performance of our proposed approach through binary classification tasks on both MNIST, CIFAR10 and ad-hoc datasets, demonstrating that QCRRA maintains the integrity and accuracy of the learning process while significantly reducing the risk of data leakage. This study not only underscores the viability of QFL under stringent privacy constraints but also sets a precedent for future research in secure, decentralized quantum machine learning frameworks.",Scientific Abstract,https://www.sciencedirect.com/science/article/abs/pii/S0167739X25003486,HWT,0
79,"The Seebeck and Nernst coefficients of a weakly magnetized hot QCD medium having a weak momentum anisotropy is studied within the kinetic theory approach. Medium interactions are incorporated in the framework of a quasiparticle model where the medium dependent mass of quarks are obtained using perturbative thermal QCD in the presence of a weak magnetic field, which leads to different masses for the left (L) and right (R) handed chiral quark modes. The Seebeck and Nernst coefficient magnitudes of the QGP medium are found to be decreasing functions of temperature and decreasing functions of anisotropy strength. The Nernst coefficient magnitudes are about an order of magnitude smaller than their Seebeck counterparts.",Scientific Abstract,https://www.sciencedirect.com/science/article/pii/S3050480525002456,HWT,0
80,"Rectal drug delivery systems (RDDS) are increasingly being explored as a practical and targeted approach for managing inflammatory bowel disease (IBD), particularly in cases of ulcerative colitis (UC) and Crohn's disease (CD). Unlike oral or injectable therapies that often struggle with systemic side effects and poor targeting, RDDS allow medications to act directly at the site of inflammation, improving drug bioavailability and reducing unwanted systemic exposure. Over time, researchers have sought to address the limitations of rectal administration, including discomfort, variable retention, and formulation instability. These challenges are being mitigated through innovative design strategies. Recent advances in drug carriers, such as nanoparticles, mucoadhesive hydrogels, thermosensitive formulations, and microbiome-responsive systems, have facilitated more precise and sustained drug release. In parallel, natural compounds, particularly phytochemicals, are being incorporated into these carriers to impart anti-inflammatory and antioxidant properties while minimizing side effects. However, despite promising laboratory outcomes, clinical translation remains limited. Challenges such as anatomical variability, patient compliance, and long-term formulation stability continue to slow progress. This review explores recent developments in RDDS for IBD, reflecting on both the scientific advances made and the gaps that remain. It also highlights the growing need for patient-centric, interdisciplinary strategies, encompassing advances in nanoparticle-based carriers, polymeric and microbiome-responsive systems along with phytocompound-based formulations to fully realise the therapeutic potential of rectal delivery in IBD care.",Scientific Abstract,https://www.sciencedirect.com/science/article/abs/pii/S1773224725009700,HWT,0
81,"In recent times, there have been many works in automatic text summarization as it has become a very intriguing topic of natural language processing. A summary should be concise, delivering all the important facts of a document. State-of-the-art extractive text summarizers use sentence ranking in various ways to extract significant summary sentences. In this paper, a hybrid approach has been introduced for single document extractive summarization. A combination of approaches such as sentence-ranking based on key-phrases and sentiment analysis has been proposed. Moreover, the work combines another approach that picks summary sentences based on their interconnection with other sentences in the text for getting a better result. Through empirical experiments, the proposed approach has been found to generate better summaries than similar existing systems.",Scientific Abstract,https://ieeexplore.ieee.org/abstract/document/9396855,HWT,0
82,"Deep neural networks often suffer significant performance degradation under distributional shifts, limiting their reliability in real-world applications. This paper proposes a curvature-regularized optimization framework that explicitly penalizes sharp minima during training. By incorporating second-order curvature approximations into the loss function, the proposed method encourages flatter solutions that exhibit improved robustness to unseen data distributions. The framework is optimizer-agnostic and can be seamlessly integrated into standard stochastic gradient descent pipelines. Extensive experiments are conducted on image classification and natural language processing benchmarks, including CIFAR-10-C, ImageNet-C, and domain-shifted sentiment analysis datasets. Compared to conventional regularization techniques such as weight decay and dropout, the proposed approach consistently improves out-of-distribution accuracy by 3–7% while maintaining in-distribution performance. Ablation studies demonstrate the independent contribution of curvature regularization and confirm its stability across network depths and architectures. The results indicate that curvature-aware learning provides a principled mechanism for enhancing generalization in deep models deployed in non-stationary environments.",Scientific Abstract,Generated by ChatGPT,AGT,1
83,"Optimization instability remains a major bottleneck in training deep neural networks, particularly under noisy gradients and limited data regimes. This work introduces an uncertainty-aware gradient optimization algorithm that models gradient updates as probabilistic distributions rather than deterministic vectors. By estimating epistemic uncertainty during training, the optimizer dynamically adjusts step sizes and update directions to balance exploration and convergence. The proposed method is evaluated across convolutional and transformer-based architectures on vision and language benchmarks, including CIFAR-100, GLUE, and low-resource text classification datasets. Experimental results demonstrate faster convergence rates and improved final accuracy compared to Adam, RMSProp, and SGD with momentum. Furthermore, the optimizer significantly reduces performance variance across random initializations, indicating improved training stability. These findings suggest that incorporating uncertainty estimation directly into optimization offers a robust alternative to traditional adaptive learning rate methods.",Scientific Abstract,Generated by ChatGPT,AGT,1
84,"Ensemble learning techniques are widely used to improve predictive performance, yet a principled understanding of ensemble diversity remains limited. This paper presents an information-theoretic framework that formalizes diversity as mutual information between ensemble members. The proposed analysis establishes theoretical bounds linking ensemble diversity, generalization error, and model capacity. Using this framework, we derive conditions under which increasing ensemble size yields diminishing returns. Empirical validation is conducted using random forests, gradient boosting machines, and neural network ensembles across multiple classification benchmarks. Results demonstrate strong agreement between theoretical predictions and observed performance trends. The framework provides actionable insights for designing efficient ensembles with optimal diversity–accuracy trade-offs.",Scientific Abstract,Generated by ChatGPT,AGT,1
85,"Kernel-based methods offer strong representational power but suffer from poor scalability in high-dimensional settings. This paper introduces a structured random feature approximation technique that enables efficient nonlinear learning at scale. By leveraging orthogonal random projections and low-rank matrix factorization, the proposed method preserves kernel similarity while reducing computational complexity. Experiments on large-scale classification tasks show that the approach achieves comparable accuracy to exact kernel methods while reducing memory usage and training time by an order of magnitude. The proposed technique enables practical deployment of kernel-based learning in resource-constrained environments.",Scientific Abstract,Generated by ChatGPT,AGT,1
86,"Many real-world datasets exhibit inherent relational structures that are ignored by conventional deep learning models. This work introduces a graph-regularized deep learning framework that incorporates structural priors into representation learning. A graph Laplacian constraint is imposed on latent embeddings to preserve neighborhood relationships. The approach is evaluated on citation networks, molecular graphs, and relational tabular datasets, achieving superior performance compared to non-graph-aware baselines. The findings highlight the importance of structural inductive biases in deep models.",Scientific Abstract,Generated by ChatGPT,AGT,1
87,Catastrophic forgetting remains a fundamental challenge in continual learning systems. This paper proposes an adaptive memory consolidation mechanism that selectively retains task-relevant representations while discarding redundant information. The framework dynamically allocates memory resources based on task similarity and information gain. Experiments on standard continual learning benchmarks demonstrate significant reductions in forgetting while maintaining computational efficiency. The method provides a scalable solution for lifelong learning applications.,Scientific Abstract,Generated by ChatGPT,AGT,1
88,"The reliance on large labeled datasets limits the applicability of supervised learning in many domains. This study introduces a self-supervised pretraining strategy that leverages contrastive objectives to learn transferable representations. The pretrained models are fine-tuned on downstream tasks with minimal labeled data, achieving competitive performance compared to fully supervised baselines. Extensive evaluations across vision and text domains confirm the effectiveness of the proposed approach in label-scarce environments.",Scientific Abstract,Generated by ChatGPT,AGT,1
89,Predictive uncertainty estimation is essential for deploying machine learning systems in safety-critical domains. This paper presents a Bayesian deep learning framework that integrates variational inference with deep neural architectures. The proposed method provides calibrated uncertainty estimates while maintaining high predictive accuracy. Evaluations on regression and classification benchmarks demonstrate improved uncertainty calibration compared to deterministic and ensemble-based approaches. The framework supports reliable decision-making under uncertainty.,Scientific Abstract,Generated by ChatGPT,AGT,1
90,"Contrastive learning has emerged as a powerful paradigm for unsupervised representation learning. This paper introduces a hard negative mining strategy that identifies informative negative samples during training. By focusing on semantically similar but distinct instances, the proposed approach improves representation quality and downstream task performance. Extensive experiments demonstrate improved convergence speed and generalization across image and text datasets.",Scientific Abstract,Generated by ChatGPT,AGT,1
91,Federated learning enables collaborative model training without centralized data sharing but faces challenges related to privacy leakage and communication efficiency. This study proposes a privacy-preserving optimization framework that integrates secure aggregation with adaptive client sampling. The approach reduces communication overhead while maintaining strong privacy guarantees. Experimental results on federated benchmarks demonstrate improved scalability and robustness compared to existing methods.,Scientific Abstract,Generated by ChatGPT,AGT,1
92,"Model interpretability is critical for trust and accountability in machine learning systems. This paper introduces a concept bottleneck architecture that explicitly learns human-interpretable intermediate representations. The model is trained to predict semantic concepts before making final predictions, enabling transparent reasoning. Evaluations on structured and unstructured datasets demonstrate competitive accuracy alongside significantly improved interpretability.",Scientific Abstract,Generated by ChatGPT,AGT,1
93,"Many real-world problems involve heterogeneous data sources such as text, images, and tabular features. This work proposes a unified multi-modal learning framework that aligns representations across modalities using shared latent spaces. The approach is evaluated on cross-domain prediction tasks, achieving improved robustness to missing or noisy modalities. The results highlight the benefits of joint multi-modal representation learning.",Scientific Abstract,Generated by ChatGPT,AGT,1
94,"Modern deep classifiers often produce overconfident predictions, limiting their reliability in real-world decision-making. This paper proposes a distributional output modeling framework that represents class logits as probability distributions rather than point estimates. By explicitly modeling epistemic and aleatoric uncertainty, the proposed approach enables uncertainty-calibrated predictions without sacrificing classification accuracy. Extensive experiments on image and text classification benchmarks demonstrate improved Expected Calibration Error (ECE) and enhanced robustness under dataset shift. The results support the integration of uncertainty modeling into standard classification pipelines.",Scientific Abstract,Generated by ChatGPT,AGT,1
95,"Semi-supervised learning aims to leverage unlabeled data to improve model performance. This paper proposes a unified framework combining consistency regularization with iterative pseudo-label refinement. The model enforces prediction consistency under data augmentations while progressively improving pseudo-label quality. Evaluations on vision and text benchmarks demonstrate superior performance compared to existing semi-supervised methods, particularly in low-label regimes.",Scientific Abstract,Generated by ChatGPT,AGT,1
96,Transfer learning performance often degrades when source and target domains differ substantially. This work proposes a task-adaptive feature modulation mechanism that dynamically reweights transferred features based on target-domain relevance. The approach improves cross-domain generalization and mitigates negative transfer. Experiments across multiple domain adaptation benchmarks show consistent performance gains over conventional fine-tuning strategies.,Scientific Abstract,Generated by ChatGPT,AGT,1
97,"Knowledge distillation enables compact student models to learn from large teacher networks, but often ignores uncertainty information. This study introduces uncertainty-aware knowledge distillation, where predictive uncertainty is transferred alongside class probabilities. The student model learns both decision boundaries and confidence estimates. Experimental evaluations demonstrate improved generalization and calibration compared to conventional distillation approaches. The method enhances the reliability of compressed models.",Scientific Abstract,Generated by ChatGPT,AGT,1
98,"Models trained on limited domains often fail to generalize to unseen environments. This work extends invariant risk minimization by introducing soft invariance constraints that balance domain-specific and domain-invariant features. The proposed formulation improves optimization stability and empirical performance. Experiments on multi-domain benchmarks show enhanced generalization under unseen domain shifts, highlighting the effectiveness of relaxed invariance objectives.",Scientific Abstract,Generated by ChatGPT,AGT,1
99,Training deep learning models incurs significant computational and environmental costs. This paper proposes an energy-aware training strategy that dynamically adjusts model complexity and batch processing based on real-time energy consumption signals. Experiments demonstrate reduced energy usage and carbon footprint without sacrificing model accuracy. The approach supports environmentally sustainable machine learning practices.,Scientific Abstract,Generated by ChatGPT,AGT,1
100,Many machine learning tasks exhibit hierarchical relationships that are ignored in conventional multi-task learning. This study introduces a hierarchical multi-task learning framework that models task dependencies explicitly using shared and task-specific layers. The approach improves knowledge transfer across related tasks while reducing negative interference. Experimental results across benchmark datasets demonstrate improved performance and training efficiency compared to flat multi-task baselines.,Scientific Abstract,Generated by ChatGPT,AGT,1
101,Covariate shift between training and deployment environments remains a primary cause of performance degradation in machine learning systems. This paper proposes a feature distribution alignment framework that explicitly minimizes discrepancies between source and target feature distributions during training. The approach integrates moment-matching and adversarial alignment within a unified deep learning architecture. Extensive evaluations on domain-shifted image and text classification benchmarks demonstrate significant improvements in out-of-distribution accuracy compared to standard empirical risk minimization and domain adaptation baselines. Ablation studies confirm the effectiveness of alignment at multiple representation levels. The results highlight the importance of feature-level robustness for reliable real-world deployment.,Scientific Abstract,Generated by ChatGPT,AGT,1
102,"Despite their expressive power, deep neural networks often learn latent representations that overfit training data. This work introduces a latent space regularization strategy that constrains representation geometry through entropy minimization and smoothness constraints. The proposed method encourages compact and semantically meaningful embeddings without sacrificing discriminative power. Experiments across vision, speech, and tabular datasets demonstrate improved generalization performance and reduced sensitivity to noise. The findings provide new insights into controlling representation complexity in deep learning.",Scientific Abstract,Generated by ChatGPT,AGT,1
103,Spurious correlations often undermine the reliability of machine learning models. This study introduces a causal representation learning approach that disentangles causal features from confounding variables using intervention-inspired objectives. The learned representations exhibit improved robustness under distribution shifts and interventions. Experiments on synthetic causal benchmarks and real-world datasets demonstrate superior generalization compared to correlation-based learning methods. The results emphasize the role of causality in building reliable predictive models.,Scientific Abstract,Generated by ChatGPT,AGT,1
104,Self-supervised learning methods rely on constructing effective pretext tasks. This paper proposes a multi-view consistency framework that leverages complementary data augmentations to enforce representation agreement across views. The approach captures invariant features while discarding nuisance variations. Extensive evaluations on image and text benchmarks show improved downstream task performance compared to single-view self-supervised baselines. The framework enhances representation robustness and transferability.,Scientific Abstract,Generated by ChatGPT,AGT,1
105,Scalable distributed training is essential for large-scale machine learning but is limited by communication overhead. This work introduces a gradient compression technique that reduces communication cost while preserving convergence guarantees. The method adaptively selects compression levels based on gradient statistics and network conditions. Experimental results on distributed benchmarks demonstrate substantial reductions in communication overhead with minimal impact on model accuracy. The approach improves the efficiency of large-scale distributed learning.,Scientific Abstract,Generated by ChatGPT,AGT,1
106,"Hierarchical data structures arise naturally in domains such as text, genomics, and computer vision. This study introduces a multi-resolution learning framework that captures patterns at different levels of abstraction simultaneously. By integrating hierarchical representations into a unified model, the approach improves predictive performance and robustness. Experiments across hierarchical datasets demonstrate superior accuracy compared to flat modeling approaches. The framework supports effective learning from structured data.",Scientific Abstract,Generated by ChatGPT,AGT,1
107,"Poorly calibrated predictions limit the trustworthiness of machine learning models. This paper proposes a calibration-aware training objective that directly minimizes calibration error during model optimization. Unlike post-hoc calibration methods, the proposed approach produces well-calibrated predictions at training time. Experimental evaluations across multiple benchmarks demonstrate significant reductions in Expected Calibration Error while maintaining predictive accuracy. The method improves reliability in risk-sensitive applications.",Scientific Abstract,Generated by ChatGPT,AGT,1
108,"Real-world datasets often contain missing or corrupted views, challenging conventional learning algorithms. This work proposes a multi-view learning framework that jointly models view-specific and shared representations while accounting for missing data. The approach dynamically weights available views based on reliability estimates. Experiments on multi-modal benchmarks demonstrate improved robustness and predictive performance compared to single-view and naïve multi-view baselines. The framework enables effective learning from imperfect data sources.",Scientific Abstract,Generated by ChatGPT,AGT,1
109,"Federated learning systems often suffer from performance degradation due to statistical heterogeneity across client data distributions. This paper proposes a personalized federated learning framework that jointly learns a global representation and client-specific adaptations. By decomposing model parameters into shared and local components, the approach balances global generalization with personalized performance. Extensive experiments on federated vision and text benchmarks demonstrate improved accuracy and faster convergence compared to standard federated averaging. The framework supports scalable and heterogeneous federated deployments.",Scientific Abstract,Generated by ChatGPT,AGT,1
110,Machine learning models deployed in dynamic environments must adapt to evolving data distributions. This paper proposes an online learning framework with adaptive forgetting mechanisms that balance knowledge retention and adaptation. The model dynamically adjusts its forgetting rate based on detected distributional changes. Evaluations on synthetic and real-world data streams demonstrate improved predictive accuracy and reduced concept drift effects compared to fixed-forgetting baselines. The framework supports long-term deployment in non-stationary settings.,Scientific Abstract,Generated by ChatGPT,AGT,1
111,"Deep learning models often lack transparency, hindering adoption in high-stakes applications. This paper proposes a post-hoc rule extraction method that derives human-readable decision rules from trained neural networks. The extracted rules approximate model behavior with high fidelity while remaining interpretable. Evaluations on tabular and classification benchmarks demonstrate competitive predictive performance and improved explainability. The method bridges the gap between accuracy and interpretability.",Scientific Abstract,Generated by ChatGPT,AGT,1
112,"While graph neural networks achieve strong performance, their interpretability remains limited. This paper proposes a subgraph attribution method that identifies influential substructures responsible for model predictions. The approach provides instance-level explanations without modifying the original model. Experiments on molecular and social network datasets demonstrate meaningful explanations aligned with domain knowledge. The method enhances transparency in graph-based learning.",Scientific Abstract,Generated by ChatGPT,AGT,1
113,Streaming data applications require scalable and adaptive learning solutions. This work introduces a distributed online learning framework that partitions data streams across compute nodes while maintaining global model coherence. The framework supports real-time updates and adapts to concept drift. Experimental evaluations on large-scale streaming benchmarks demonstrate improved scalability and predictive performance. The approach enables continuous learning in data-intensive environments.,Scientific Abstract,Generated by ChatGPT,AGT,1
114,Data annotation is costly in supervised learning. This paper proposes an uncertainty-guided active learning strategy that selects informative samples based on predictive uncertainty and diversity metrics. The approach reduces annotation effort while maintaining model performance. Experiments on vision and text datasets demonstrate significant reductions in labeling cost compared to random and heuristic sampling strategies.,Scientific Abstract,Generated by ChatGPT,AGT,1
115,Multi-task learning models often suffer from negative transfer due to conflicting task gradients. This study introduces a task conflict resolution mechanism that dynamically adjusts gradient directions to minimize interference. The approach improves task-specific and overall performance across diverse benchmarks. The results demonstrate improved stability and efficiency in multi-task learning systems.,Scientific Abstract,Generated by ChatGPT,AGT,1
116,Machine learning models can fail catastrophically when exposed to out-of-distribution clinical data. This paper proposes an uncertainty-based out-of-distribution detection framework that identifies anomalous samples at inference time. The approach leverages predictive uncertainty and representation divergence to flag unreliable predictions. Experiments on medical imaging benchmarks demonstrate improved detection performance compared to confidence-based heuristics. The method enhances model safety in clinical environments.,Scientific Abstract,Generated by ChatGPT,AGT,1
117,"Sharing medical data across institutions is constrained by privacy regulations. This work introduces a privacy-preserving learning framework that enables collaborative model training without exposing sensitive patient information. By combining federated learning with differential privacy mechanisms, the approach ensures strong privacy guarantees. Evaluations demonstrate competitive performance with centralized training while maintaining privacy compliance.",Scientific Abstract,Generated by ChatGPT,AGT,1
118,"Healthcare data often span heterogeneous modalities including structured records, medical images, and free-text notes. This study introduces a multi-view learning framework that integrates heterogeneous clinical data into a unified predictive model. The approach learns modality-specific representations while capturing cross-modal interactions. Evaluations on real-world clinical datasets demonstrate improved diagnostic accuracy compared to single-modality baselines. The framework supports holistic patient modeling.",Scientific Abstract,Generated by ChatGPT,AGT,1
119,Medical datasets are often limited due to privacy and acquisition constraints. This study introduces a hybrid transfer–meta-learning framework designed to improve learning efficiency in small-data regimes. The approach combines cross-domain pretraining with task-level adaptation strategies. Experiments on medical imaging and clinical text datasets demonstrate improved performance compared to conventional transfer learning methods. The framework enables effective learning under severe data limitations.,Scientific Abstract,Generated by ChatGPT,AGT,1
120,Interpretability is essential for clinical adoption of machine learning models. This paper proposes a risk prediction framework that integrates interpretable feature attribution mechanisms into deep learning architectures. The model provides both accurate predictions and transparent explanations aligned with clinical reasoning. Evaluations on electronic health record datasets demonstrate improved trust and usability compared to black-box models. The approach supports accountable AI in healthcare.,Scientific Abstract,Generated by ChatGPT,AGT,1
121,Clinical datasets often contain missing values and measurement errors. This work introduces a robust learning framework that jointly handles missingness and noise through probabilistic imputation and uncertainty modeling. The approach improves predictive performance and stability compared to traditional imputation-based pipelines. Experimental results across multiple healthcare benchmarks demonstrate enhanced robustness in realistic clinical settings.,Scientific Abstract,Generated by ChatGPT,AGT,1
122,"In safety-critical domains, selecting models based solely on accuracy is insufficient. This paper proposes a calibration-driven model selection strategy that prioritizes reliable uncertainty estimation alongside predictive performance. Models are evaluated using calibration metrics such as Expected Calibration Error and coverage probability. Experiments demonstrate improved decision reliability in autonomous and healthcare-related tasks. The approach provides a principled model selection criterion for high-risk applications.",Scientific Abstract,Generated by ChatGPT,AGT,1
123,Continuous patient monitoring generates complex temporal data streams. This paper proposes an attention-based time-series learning framework that captures long-range dependencies and temporal patterns in patient data. Experimental results on physiological monitoring datasets demonstrate improved prediction accuracy for adverse event detection compared to recurrent baselines. The approach supports early warning systems in healthcare.,Scientific Abstract,Generated by ChatGPT,AGT,1
124,"Trust remains a critical barrier to clinical adoption of machine learning systems. This study presents a comprehensive framework for trustworthy clinical machine learning that integrates accuracy, interpretability, uncertainty estimation, and fairness. The framework is evaluated across multiple healthcare tasks, demonstrating improved reliability and clinician acceptance. The results highlight key design principles for deploying machine learning in healthcare settings.",Scientific Abstract,Generated by ChatGPT,AGT,1
125,"Large language models (LLMs) have demonstrated remarkable capabilities, yet scaling them efficiently remains a challenge. This paper investigates scaling laws in LLMs, relating model size, dataset size, and computational budget to generalization performance. Through extensive experiments on transformer-based architectures, we quantify the trade-offs between model capacity, training efficiency, and emergent capabilities. The findings provide principled guidelines for resource-aware LLM design and suggest optimal scaling strategies for diverse NLP tasks.",Scientific Abstract,Generated by ChatGPT,AGT,1
126,Standard LLMs often struggle with specialized domains due to limited exposure to domain-specific knowledge. This study introduces a knowledge-augmented transformer architecture that integrates structured external knowledge during training. The approach employs entity-aware attention mechanisms to enhance contextual understanding. Evaluations on biomedical and legal text corpora demonstrate improved domain-specific comprehension and downstream task performance compared to conventional LLMs.,Scientific Abstract,Generated by ChatGPT,AGT,1
127,Fine-tuning large pretrained models remains computationally expensive. This paper proposes a low-rank adaptation strategy that updates only a small subset of parameters while keeping the bulk of the pretrained weights frozen. Experiments on multiple NLP and vision benchmarks show comparable performance to full fine-tuning at a fraction of the computational cost. The method enables efficient deployment of foundation models in resource-constrained environments.,Scientific Abstract,Generated by ChatGPT,AGT,1
128,"Machine learning models for medical decision support must provide reliable predictions and uncertainty estimates. This paper proposes an uncertainty-aware deep learning framework that jointly models predictive accuracy and confidence calibration. By integrating Bayesian approximation techniques and uncertainty-sensitive loss functions, the proposed method produces well-calibrated predictions under data scarcity and noise. Evaluations on multiple clinical datasets demonstrate improved diagnostic accuracy and reduced overconfidence compared to deterministic deep learning baselines. The results support safer clinical deployment.",Scientific Abstract,Generated by ChatGPT,AGT,1
129,Foundation models often face catastrophic forgetting when adapted sequentially to new tasks. This paper introduces a continual adaptation framework that preserves core knowledge while integrating new task-specific information. The approach employs parameter-efficient adapters and selective replay strategies. Evaluations across sequential NLP tasks demonstrate improved task retention and adaptation efficiency compared to conventional fine-tuning approaches.,Scientific Abstract,Generated by ChatGPT,AGT,1
130,"Integrating multiple modalities is essential for holistic AI systems. This work proposes a multi-modal foundation model that jointly learns representations across text, vision, and audio. Cross-modal attention and shared latent spaces enable the model to transfer knowledge effectively between modalities. Experiments on multi-modal benchmarks show state-of-the-art performance in cross-modal retrieval and classification, highlighting the promise of unified multi-modal learning.",Scientific Abstract,Generated by ChatGPT,AGT,1
131,"Foundation models often produce overconfident predictions that can be risky in high-stakes settings. This paper presents an uncertainty-aware framework that quantifies epistemic and aleatoric uncertainty in LLM predictions. By incorporating calibrated uncertainty estimates, the approach improves decision-making reliability. Experimental results on medical and financial NLP datasets demonstrate improved trustworthiness and reduced failure rates.",Scientific Abstract,Generated by ChatGPT,AGT,1
132,"Training foundation models is computationally and environmentally costly. This paper introduces energy-efficient training strategies, including dynamic precision scaling, adaptive batch scheduling, and gradient sparsification. Experiments demonstrate substantial reductions in energy consumption and carbon footprint without degrading model performance. The results provide practical guidelines for sustainable large-scale model training.",Scientific Abstract,Generated by ChatGPT,AGT,1
133,"Prompt engineering is critical for LLM performance, yet manually designed prompts are suboptimal and brittle. This study introduces a robust prompt learning framework that automatically generates and optimizes prompts based on model feedback and task-specific constraints. Experimental evaluations on NLP benchmarks show improved generalization and reduced sensitivity to prompt variation compared to manual or static prompt designs.",Scientific Abstract,Generated by ChatGPT,AGT,1
134,Knowledge distillation is a key approach to compress large foundation models for practical deployment. This paper proposes an adaptive distillation method that selectively transfers knowledge based on task relevance and model uncertainty. Experiments on NLP and vision benchmarks show that compact student models retain performance comparable to their teacher models while reducing inference cost and memory footprint.,Scientific Abstract,Generated by ChatGPT,AGT,1
135,Fine-tuning multi-modal foundation models often suffers from negative transfer across heterogeneous tasks. This work introduces a task-aware adaptation framework that dynamically modulates shared and task-specific representations during fine-tuning. Experiments on image–text and audio–text multi-modal tasks demonstrate improved task performance and sample efficiency compared to standard fine-tuning approaches.,Scientific Abstract,Generated by ChatGPT,AGT,1
136,"Machine learning models can unintentionally perpetuate societal biases. This paper introduces a fairness-constrained learning framework that integrates group fairness and individual fairness objectives directly into optimization. By applying multi-objective gradient adjustments, the model mitigates bias while preserving predictive accuracy. Experiments on benchmark fairness datasets demonstrate reduced disparity across sensitive attributes without sacrificing overall performance. The framework offers a principled approach for ethical AI deployment.",Scientific Abstract,Generated by ChatGPT,AGT,1
137,Reinforcement learning (RL) in edge and embedded systems is limited by energy constraints. This study introduces an energy-constrained RL framework that incorporates adaptive reward shaping and action pruning to minimize energy consumption while maintaining task performance. Evaluations on robotic control and resource-limited simulation tasks demonstrate substantial reductions in energy usage with minimal impact on learning efficiency.,Scientific Abstract,Generated by ChatGPT,AGT,1
138,Combining symbolic reasoning with neural representation learning can improve explainability and generalization. This paper presents a hybrid symbolic-neural framework where neural networks generate embeddings that are processed by symbolic reasoning modules. Experiments on reasoning benchmarks demonstrate enhanced interpretability and accuracy over purely neural or symbolic approaches. The method bridges the gap between classical AI and modern deep learning.,Scientific Abstract,Generated by ChatGPT,AGT,1
139,"Curriculum learning can accelerate convergence, but static curricula fail under dynamic data distributions. This paper proposes an adaptive curriculum learning framework that continuously adjusts sample ordering based on model performance and difficulty estimation. Evaluations on sequential learning tasks and streaming datasets demonstrate improved convergence speed and robustness under non-stationary conditions.",Scientific Abstract,Generated by ChatGPT,AGT,1
140,Collaborative multi-modal learning across institutions faces privacy and heterogeneity challenges. This work introduces a federated multi-modal learning framework that integrates secure aggregation and personalized adaptation. Experiments on medical imaging and clinical text datasets demonstrate improved cross-modal performance while preserving patient privacy. The framework enables large-scale multi-institutional learning under regulatory constraints.,Scientific Abstract,Generated by ChatGPT,AGT,1
141,"Autonomous systems require both accurate and interpretable uncertainty estimates. This study presents a framework that combines Bayesian deep learning with post-hoc explanation mechanisms to provide interpretable predictive confidence. Evaluations on autonomous driving and robotic navigation datasets demonstrate improved reliability and transparency, facilitating safer deployment in real-world scenarios.",Scientific Abstract,Generated by ChatGPT,AGT,1
142,"Learning from limited labeled data remains a challenge in many domains. This paper introduces a semi-supervised contrastive learning framework that leverages unlabeled data through consistency and representation similarity constraints. Experiments across medical imaging, NLP, and industrial datasets show significant performance gains in low-label settings compared to standard semi-supervised methods.",Scientific Abstract,Generated by ChatGPT,AGT,1
143,"Ensuring trustworthy AI requires both calibrated predictions and robust OOD detection. This study integrates calibration-aware training with representation-based OOD scoring in a unified framework. Evaluations on vision and NLP benchmarks demonstrate improved reliability, reduced overconfidence, and better detection of anomalous inputs, supporting safe deployment in sensitive applications.",Scientific Abstract,Generated by ChatGPT,AGT,1
144,Large models incur significant computational and environmental costs. This paper presents a systematic framework for sustainable deep learning using structured pruning and mixed-precision quantization. Experiments show that substantial reductions in energy and memory usage are achievable while maintaining competitive accuracy across vision and NLP benchmarks. The method supports green AI initiatives.,Scientific Abstract,Generated by ChatGPT,AGT,1
145,"Rapid adaptation to new tasks is essential in dynamic environments. This paper introduces a meta-learning framework that incorporates task uncertainty into the adaptation process. By weighting gradient updates according to uncertainty, the approach improves performance on few-shot and low-resource tasks. Experiments on image and text datasets demonstrate improved sample efficiency and generalization compared to standard meta-learning methods.",Scientific Abstract,Generated by ChatGPT,AGT,1
146,Multi-agent reinforcement learning (MARL) often suffers from communication bottlenecks. This paper proposes a robust MARL framework that constrains communication bandwidth while maintaining coordination through latent shared representations. Experiments in cooperative and competitive environments demonstrate improved scalability and robustness under communication limitations.,Scientific Abstract,Generated by ChatGPT,AGT,1
147,Self-training approaches leverage unlabeled data but are prone to error amplification. This study introduces a confidence-weighted pseudo-labeling strategy that dynamically adjusts sample contributions based on prediction certainty. The method improves pseudo-label quality and stabilizes training. Evaluations on semi-supervised benchmarks demonstrate improved accuracy and robustness compared to conventional self-training approaches.,Scientific Abstract,Generated by ChatGPT,AGT,1
148,"Standard machine learning models optimize expected loss, ignoring risk-sensitive considerations. This paper proposes a quantile-based optimization framework that explicitly models tail risks in predictive distributions. By optimizing conditional value-at-risk objectives, the proposed method improves robustness to rare but critical events. Experimental evaluations on financial and safety-critical datasets demonstrate superior risk-aware performance compared to mean-optimized baselines. The approach supports decision-making under uncertainty.",Scientific Abstract,Generated by ChatGPT,AGT,1
149,"Autoencoders are widely used for representation learning but often produce redundant embeddings. This work introduces structured autoencoders that enforce sparsity and disentanglement through architectural constraints. The resulting representations are compact, interpretable, and transferable. Experiments across vision and tabular datasets demonstrate improved downstream task performance and reduced model complexity. The approach advances efficient representation learning.",Scientific Abstract,Generated by ChatGPT,AGT,1
150,Detecting adversarial inputs remains challenging for deep learning systems. This paper proposes a latent space consistency model that identifies adversarial samples by measuring deviations in representation coherence. The method requires no adversarial training and generalizes across attack types. Evaluations on adversarial benchmarks demonstrate improved detection accuracy and low false positive rates compared to existing defenses. The approach offers a lightweight and scalable adversarial detection mechanism.,Scientific Abstract,Generated by ChatGPT,AGT,1
151,Point predictions fail to convey uncertainty in many critical applications. This study introduces a predictive interval estimation framework for regression models that provides reliable uncertainty bounds alongside predictions. The proposed method integrates uncertainty-aware loss functions and calibration constraints into neural networks. Experimental results on real-world regression benchmarks demonstrate well-calibrated prediction intervals with high coverage probability. The approach enhances trust in machine learning-driven decision systems.,Scientific Abstract,Generated by ChatGPT,AGT,1
152,"Tabular data remains challenging for deep learning models due to complex feature interactions. This paper reformulates tabular learning as a graph learning problem, where features are treated as nodes with learned relational edges. A graph neural network is employed to capture high-order feature dependencies. Experiments on benchmark tabular datasets show improved predictive performance over tree-based and fully connected neural models. The findings suggest a promising direction for deep tabular learning.",Scientific Abstract,Generated by ChatGPT,AGT,1
153,Static loss functions often fail to adapt to evolving data distributions. This work proposes a self-adaptive loss function that dynamically adjusts its curvature based on training dynamics and data uncertainty. The loss function automatically emphasizes hard or informative samples during different training stages. Empirical results on non-stationary datasets demonstrate improved convergence stability and generalization compared to fixed-loss baselines. The approach supports adaptive learning in changing environments.,Scientific Abstract,Generated by ChatGPT,AGT,1
154,Model overparameterization leads to inefficiencies in deployment and interpretability. This paper presents a sparse neural network design strategy grounded in the information bottleneck principle. The method selectively prunes connections that contribute minimally to predictive information while preserving task-relevant features. Experiments across vision and tabular datasets demonstrate substantial reductions in model complexity with minimal accuracy loss. The approach provides a principled framework for efficient deep learning.,Scientific Abstract,Generated by ChatGPT,AGT,1
155,"Adversarial attacks expose vulnerabilities in deep learning systems by exploiting imperceptible input perturbations. This study introduces a feature space regularization technique that enforces local smoothness in latent representations. By constraining feature-level sensitivity, the model becomes inherently more robust to adversarial perturbations. Evaluations on adversarial benchmark datasets show improved robustness compared to input-level defenses, while maintaining clean-data performance. The proposed method offers a scalable alternative to adversarial training.",Scientific Abstract,Generated by ChatGPT,AGT,1
156,"Class imbalance significantly degrades the performance of machine learning models in real-world applications such as fraud detection and medical diagnosis. This paper proposes a robust representation learning framework that integrates distribution-aware feature alignment with adaptive resampling strategies. The model learns class-invariant latent representations while preserving minority class discriminability. Extensive experiments on highly imbalanced benchmark datasets demonstrate consistent improvements in F1-score, AUROC, and recall over state-of-the-art imbalance handling techniques. The results indicate improved robustness and generalization across imbalance ratios.",Scientific Abstract,Generated by ChatGPT,AGT,1
157,"Interpretability remains a key barrier to the adoption of machine learning in high-stakes domains. This work introduces a hierarchical feature attribution method that decomposes predictions across multiple semantic levels. Applied to tabular and textual datasets, the approach provides human-interpretable explanations aligned with domain knowledge. User studies confirm improved trust and understanding compared to existing explanation techniques.",Scientific Abstract,Generated by ChatGPT,AGT,1
158,The growing computational cost of deep learning poses sustainability challenges. This paper proposes a structured model compression technique that combines pruning and quantization under a unified optimization objective. Experimental results on embedded vision benchmarks demonstrate substantial reductions in energy consumption and inference latency while maintaining accuracy. The approach supports environmentally sustainable ML deployment.,Scientific Abstract,Generated by ChatGPT,AGT,1
159,"This study introduces a meta-learning framework designed to improve model adaptability in low-data scenarios. By learning task-agnostic representations across related tasks, the proposed approach enables rapid fine-tuning with minimal labeled data. Experiments on few-shot image and text classification tasks demonstrate superior performance compared to conventional transfer learning approaches. The results highlight the effectiveness of meta-learning for data-scarce applications.",Scientific Abstract,Generated by ChatGPT,AGT,1
160,"Balancing predictive accuracy and fairness is a central challenge in responsible machine learning. This paper formulates fairness-aware learning as a multi-objective optimization problem, jointly minimizing classification error and group-level disparity metrics. A Pareto-efficient training algorithm is proposed to explore trade-offs between competing objectives. Experiments on benchmark fairness datasets show that the method achieves improved fairness without substantial accuracy loss, offering practical guidance for deploying ethical ML systems.",Scientific Abstract,Generated by ChatGPT,AGT,1
161,"Label noise remains a critical challenge in supervised learning, particularly in large-scale datasets collected from weak supervision. This work proposes a confidence-calibrated loss function that dynamically reweights samples based on model prediction certainty. The method reduces the influence of noisy labels while preserving informative hard examples. Evaluations on synthetic and real-world noisy datasets demonstrate significant improvements in robustness and generalization compared to standard cross-entropy and noise-robust baselines.",Scientific Abstract,Generated by ChatGPT,AGT,1
162,"Normalization layers such as batch normalization have become standard components of deep architectures, yet they introduce additional computational overhead and training dependencies. This paper proposes a self-normalizing activation function that intrinsically maintains bounded variance during forward propagation. Theoretical analysis demonstrates that the proposed activation ensures stable signal propagation without explicit normalization layers. Extensive experiments on deep convolutional and transformer models confirm improved convergence speed and competitive accuracy compared to traditional activation–normalization combinations. The findings suggest a viable alternative to normalization-heavy architectures.",Scientific Abstract,Generated by ChatGPT,AGT,1